0.000000000000000000e+00,0.000000000000000000e+00,2.000000000000000000e+00,1.000000000000000000e+00,0.000000000000000000e+00
1.000000000000000056e-01,9.997917967666086758e-02,1.998750520453899338e+00,9.993756502830490884e-01,-2.497918942603069570e-02
2.000000000000000111e-01,1.998337486163940802e-01,1.995008309114240541e+00,9.975103682930700488e-01,-4.983405904493106581e-02
3.000000000000000444e-01,2.994406405340852007e-01,1.988791912849567245e+00,9.944271867132788989e-01,-7.444297843848324270e-02
4.000000000000000222e-01,3.986798248940957023e-01,1.980131799652802727e+00,9.901636154558043357e-01,-9.868956420661029183e-02
5.000000000000000000e-01,4.974356954538495801e-01,1.969069716111045087e+00,9.847703861947767479e-01,-1.224649854797894288e-01
6.000000000000000888e-01,5.955983131735502756e-01,1.955657831168099436e+00,9.783098106041479003e-01,-1.456699182392345304e-01
7.000000000000000666e-01,6.930644697855939951e-01,1.939957705090101125e+00,9.708538533125001813e-01,-1.682160777713319899e-01
8.000000000000000444e-01,7.897385490144356313e-01,1.922039128025072152e+00,9.624820308089663268e-01,-1.900272906158859132e-01
9.000000000000000222e-01,8.855331736520686281e-01,1.901978874795221985e+00,9.532792477505552808e-01,-2.110400994093084015e-01
1.000000000000000000e+00,9.803696374741980302e-01,1.879859421739823233e+00,9.433336734874747664e-01,-2.312039228735204843e-01
1.100000000000000089e+00,1.074178130538648190e+00,1.855767667984060454e+00,9.327347462015302959e-01,-2.504808164908002843e-01
1.200000000000000178e+00,1.166897774188349057e+00,1.829793698074251518e+00,9.215713723738366836e-01,-2.688448957946742990e-01
1.300000000000000044e+00,1.258476487787186571e+00,1.802029616210826246e+00,9.099303679206763862e-01,-2.862814933879292978e-01
1.400000000000000133e+00,1.348870712797811455e+00,1.772568475019537182e+00,8.978951665046406294e-01,-3.027861233152429055e-01
1.500000000000000000e+00,1.438045021406642920e+00,1.741503314550933545e+00,8.855448019408326266e-01,-3.183633234158870784e-01
1.600000000000000089e+00,1.525971636800494746e+00,1.708926320460096182e+00,8.729531563566333974e-01,-3.330254392139448960e-01
1.700000000000000178e+00,1.612629890759317952e+00,1.674928104428682119e+00,8.601884543052296106e-01,-3.467914032746688413e-01
1.800000000000000044e+00,1.698005641836333179e+00,1.639597105036534552e+00,8.473129753685298970e-01,-3.596855531442358922e-01
1.900000000000000133e+00,1.782090674411207720e+00,1.603019103522056010e+00,8.343829535474226455e-01,-3.717365201011396669e-01
2.000000000000000000e+00,1.864882095643096038e+00,1.565276846168716762e+00,8.214486303515934340e-01,-3.829762108083075156e-01
2.100000000000000089e+00,1.946381744063965691e+00,1.526449763296808149e+00,8.085544293071098565e-01,-3.934388950713564870e-01
2.200000000000000178e+00,2.026595620434023637e+00,1.486613773904694291e+00,7.957392219448643500e-01,-4.031604055502601147e-01
2.300000000000000266e+00,2.105533348644669900e+00,1.445841164718136396e+00,7.830366586341575008e-01,-4.121774494913770237e-01
2.400000000000000355e+00,2.183207671978383058e+00,1.404200532626832532e+00,7.704755414037890437e-01,-4.205270282661144887e-01
2.500000000000000000e+00,2.259633987943801881e+00,1.361756780066139205e+00,7.580802197797965603e-01,-4.282459575505830895e-01
2.600000000000000089e+00,2.334829923195655965e+00,1.318571153718758548e+00,7.458709944042473117e-01,-4.353704791446831868e-01
2.700000000000000178e+00,2.408814948700081615e+00,1.274701317864869621e+00,7.338645166162561795e-01,-4.419359544864484013e-01
2.800000000000000266e+00,2.481610034277508703e+00,1.230201454721626675e+00,7.220741751812246312e-01,-4.479766296555922067e-01
2.900000000000000355e+00,2.553237340905743391e+00,1.185122385125566780e+00,7.105104639120258803e-01,-4.535254618911108149e-01
3.000000000000000000e+00,2.623719948649460676e+00,1.139511703882330362e+00,6.991813260395074447e-01,-4.586139982132548809e-01
3.100000000000000089e+00,2.693081617756375667e+00,1.093413925012836740e+00,6.880924728880912777e-01,-4.632722975128598097e-01
3.200000000000000178e+00,2.761346580284928631e+00,1.046870632943549984e+00,6.772476757405204717e-01,-4.675288883529939987e-01
3.300000000000000266e+00,2.828539359570168887e+00,9.999206364202943842e-01,6.666490307821750783e-01,-4.714107556466692328e-01
3.400000000000000355e+00,2.894684614861394945e+00,9.526001225605615907e-01,6.562971977542146895e-01,-4.749433502789366934e-01
3.500000000000000000e+00,2.959807008557150620e+00,9.049428090119943091e-01,6.461916134614547058e-01,-4.781506165985134893e-01
3.600000000000000089e+00,3.023931093594208530e+00,8.569800926492980864e-01,6.363306816232716656e-01,-4.810550334921464000e-01
3.700000000000000178e+00,3.087081218709038843e+00,8.087411936367204790e-01,6.267119407589532010e-01,-4.836776654644093787e-01
3.800000000000000266e+00,3.149281449464076843e+00,7.602532940076982548e-01,6.173322118981601214e-01,-4.860382207718690339e-01
3.900000000000000355e+00,3.210555503111238718e+00,7.115416701802144139e-01,6.081877279283229853e-01,-4.881551142062376392e-01
4.000000000000000000e+00,3.270926695547311081e+00,6.626298190444971370e-01,5.992742463550777554e-01,-4.900455325891994729e-01
4.100000000000000533e+00,3.330417898786151909e+00,6.135395774306596772e-01,5.905871471790522520e-01,-4.917255014395297552e-01
4.200000000000000178e+00,3.389051507542508723e+00,5.642912349028710306e-01,5.821215174923488611e-01,-4.932099516075776902e-01
4.299999999999999822e+00,3.446849413674582863e+00,5.149036399314053103e-01,5.738722242849709776e-01,-4.945127849501885775e-01
4.400000000000000355e+00,3.503832987373156183e+00,4.653942995745267153e-01,5.658339768306432926e-01,-4.956469383489218727e-01
4.500000000000000000e+00,3.560023064122980418e+00,4.157794728639435111e-01,5.580013798978452622e-01,-4.966244455621769971e-01
4.600000000000000533e+00,3.615439936573699331e+00,3.660742581285043040e-01,5.503689789131490651e-01,-4.974564965534643557e-01
4.700000000000000178e+00,3.670103350565101508e+00,3.162926745214053037e-01,5.429312980884489770e-01,-4.981534940602548867e-01
4.800000000000000711e+00,3.724032504654104514e+00,2.664477380348809765e-01,5.356828724147550957e-01,-4.987251072647402861e-01
4.900000000000000355e+00,3.777246052567545753e+00,2.165515322953715516e-01,5.286182743261731432e-01,-4.991803225033932812e-01
5.000000000000000000e+00,3.829762108083106131e+00,1.666152744363897931e-01,5.217321357448611030e-01,-4.995274910112230682e-01
5.100000000000000533e+00,3.881598251912675490e+00,1.166493763435234587e-01,5.150191661336259719e-01,-4.997743737414383491e-01
5.200000000000000178e+00,3.932771540213645167e+00,6.666350156070971478e-02,5.084741671081550729e-01,-4.999281833341891468e-01
5.300000000000000711e+00,3.983298514408939894e+00,1.666661813846222195e-02,5.020920440923194450e-01,-4.999956233323608612e-01
5.400000000000000355e+00,4.033195212044060618e+00,-3.333295230689706234e-02,4.958678154393682536e-01,-4.999829247591909831e-01
5.500000000000000000e+00,4.082477178444437804e+00,-8.332748906494467922e-02,4.897966193884715769e-01,-4.998958801831592247e-01
5.600000000000000533e+00,4.131159478973461141e+00,-1.333098300890188936e-01,4.838737191779681202e-01,-4.997398754020421219e-01
5.700000000000000178e+00,4.179256711722138640e+00,-1.832733328093095471e-01,4.780945065946515249e-01,-4.995199188807856183e-01
5.800000000000000711e+00,4.226783020485393116e+00,-2.332118377829371092e-01,4.724545042015874108e-01,-4.992406690777692058e-01
5.900000000000000355e+00,4.273752107903816544e+00,-2.831196349765187636e-01,4.669493664542480604e-01,-4.989064597920383481e-01
6.000000000000000000e+00,4.320177248669349268e+00,-3.329914324900241640e-01,4.615748798863196223e-01,-4.985213236605301468e-01
6.100000000000000533e+00,4.366071302709706892e+00,-3.828223275431358874e-01,4.563269625216962999e-01,-4.980890139296565433e-01
6.200000000000000178e+00,4.411446728280548513e+00,-4.326077795571235396e-01,4.512016626474141257e-01,-4.976130246201591611e-01
6.300000000000000711e+00,4.456315594908440758e+00,-4.823435851780017436e-01,4.461951570632702868e-01,-4.970966091984069246e-01
6.400000000000000355e+00,4.500689596136507653e+00,-5.320258550964060973e-01,4.413037489075598008e-01,-4.965427978610614801e-01
6.500000000000000000e+00,4.544580062035165291e+00,-5.816509925309220064e-01,4.365238651439108386e-01,-4.959544135338752602e-01
6.600000000000000533e+00,4.587997971447510537e+00,-6.312156732507865353e-01,4.318520537818507643e-01,-4.953340866791325348e-01
6.700000000000000178e+00,4.630953963946238261e+00,-6.807168270236481078e-01,4.272849808929345961e-01,-4.946842690001944653e-01
6.800000000000000711e+00,4.673458351484343076e+00,-7.301516203823180673e-01,4.228194274750080028e-01,-4.940072461257150049e-01
6.900000000000000355e+00,4.715521129725916971e+00,-7.795174406114234733e-01,4.184522862090834239e-01,-4.933051493502509377e-01
7.000000000000000000e+00,4.757151989049594576e+00,-8.288118808647950697e-01,4.141805581462979502e-01,-4.925799665028230412e-01
7.100000000000000533e+00,4.798360325217966071e+00,-8.780327263281966221e-01,4.100013493565631828e-01,-4.918335520095775681e-01
7.200000000000000178e+00,4.839155249711613038e+00,-9.271779413514020796e-01,4.059118675652061969e-01,-4.910676362120912075e-01
7.300000000000000711e+00,4.879545599726369254e+00,-9.762456574760935979e-01,4.019094187995576606e-01,-4.902838339979789239e-01
7.400000000000000355e+00,4.919539947837319183e+00,-1.025234162295886264e+00,3.979914040635105787e-01,-4.894836527965665818e-01
7.500000000000000000e+00,4.959146611331685328e+00,-1.074141889085276746e+00,3.941553160549446932e-01,-4.886684999880494540e-01
7.600000000000000533e+00,4.998373661216559682e+00,-1.122967407142880569e+00,3.903987359379767486e-01,-4.878396897711417823e-01
7.700000000000000178e+00,5.037228930906580970e+00,-1.171709412795250316e+00,3.867193301796639782e-01,-4.869984495304418570e-01
7.800000000000000711e+00,5.075720024599106317e+00,-1.220366721014522149e+00,3.831148474587194319e-01,-4.861459257418530022e-01
7.900000000000000355e+00,5.113854325344076912e+00,-1.268938257605022990e+00,3.795831156520615979e-01,-4.852831894512096289e-01
8.000000000000000000e+00,5.151639002816523316e+00,-1.317423051917467669e+00,3.761220389035671574e-01,-4.844112413586071919e-01
8.099999999999999645e+00,5.189081020800382582e+00,-1.365820230053800932e+00,3.727295947780922547e-01,-4.835310165383905345e-01
8.200000000000001066e+00,5.226187144391641226e+00,-1.414129008525520703e+00,3.694038315028486119e-01,-4.826433888222874669e-01
8.300000000000000711e+00,5.262963946930613091e+00,-1.462348688336421620e+00,3.661428652972300024e-01,-4.817491748712898203e-01
8.400000000000000355e+00,5.299417816671185832e+00,-1.510478649456461930e+00,3.629448777915738056e-01,-4.808491379595423165e-01
8.500000000000000000e+00,5.335554963196636358e+00,-1.558518345661421112e+00,3.598081135346221093e-01,-4.799439914920018979e-01
8.599999999999999645e+00,5.371381423590505300e+00,-1.606467299711599184e+00,3.567308775889817540e-01,-4.790344022756348186e-01
8.700000000000001066e+00,5.406903068371281762e+00,-1.654325098845306208e+00,3.537115332134825874e-01,-4.781209935625586049e-01
8.800000000000000711e+00,5.442125607199851167e+00,-1.702091390567535667e+00,3.507484996309402914e-01,-4.772043478821089701e-01
8.900000000000000355e+00,5.477054594367686491e+00,-1.749765878710483058e+00,3.478402498796350217e-01,-4.762850096773044162e-01
9.000000000000000000e+00,5.511695434074430189e+00,-1.797348319749479062e+00,3.449853087465423740e-01,-4.753634877602522235e-01
9.099999999999999645e+00,5.546053385502731636e+00,-1.844838519355734174e+00,3.421822507802159685e-01,-4.744402575996254923e-01
9.200000000000001066e+00,5.580133567698265296e+00,-1.892236329169073139e+00,3.394296983811058155e-01,-4.735157634525117842e-01
9.300000000000000711e+00,5.613940964262619460e+00,-1.939541643778220692e+00,3.367263199669792151e-01,-4.725904203519971647e-01
9.400000000000000355e+00,5.647480427866313768e+00,-1.986754397891620005e+00,3.340708282110941285e-01,-4.716646159608026689e-01
9.500000000000000000e+00,5.680756684589212568e+00,-2.033874563687987802e+00,3.314619783507067874e-01,-4.707387123007192864e-01
9.600000000000001421e+00,5.713774338095151784e+00,-2.080902148334252022e+00,3.288985665635006383e-01,-4.698130473666864981e-01
9.700000000000001066e+00,5.746537873647594274e+00,-2.127837191658223048e+00,3.263794284095276610e-01,-4.688879366336859977e-01
9.800000000000000711e+00,5.779051661972580689e+00,-2.174679763968459856e+00,3.239034373362644770e-01,-4.679636744641792467e-01
9.900000000000000355e+00,5.811319962975251663e+00,-2.221429964009333347e+00,3.214695032444260248e-01,-4.670405354230104944e-01
1.000000000000000000e+01,5.843346929315951677e+00,-2.268087917043199564e+00,3.190765711122150461e-01,-4.661187755062942140e-01
1.010000000000000142e+01,5.875136609851480785e+00,-2.314653773051968511e+00,3.167236196757300393e-01,-4.651986332903721433e-01
1.020000000000000107e+01,5.906692952947156350e+00,-2.361127705049379077e+00,3.144096601633203369e-01,-4.642803310062822986e-01
1.030000000000000071e+01,5.938019809665034288e+00,-2.407509907496735213e+00,3.121337350817164347e-01,-4.633640755449766058e-01
1.040000000000000036e+01,5.969120936833002489e+00,-2.453800594817223235e+00,3.098949170518498497e-01,-4.624500593980687135e-01
1.050000000000000000e+01,6.000000000000044409e+00,-2.500000000000063061e+00,3.076923076923150924e-01,-4.615384615384687250e-01
1.060000000000000142e+01,6.030660576282117269e+00,-2.546108373290317139e+00,3.055250365485123187e-01,-4.606294482450528638e-01
1.070000000000000107e+01,6.061106157103024472e+00,-2.592125980958837506e+00,3.033922600655647450e-01,-4.597231738751813568e-01
1.080000000000000071e+01,6.091340150834840372e+00,-2.638053104146500072e+00,3.012931606031818421e-01,-4.588197815885060038e-01
1.090000000000000036e+01,6.121365885341900182e+00,-2.683890037778384752e+00,2.992269454906876236e-01,-4.579194040254224163e-01
1.100000000000000000e+01,6.151186610431947699e+00,-2.729637089544611595e+00,2.971928461205332050e-01,-4.570221639431834570e-01
1.110000000000000142e+01,6.180805500218760073e+00,-2.775294578941801760e+00,2.951901170786344619e-01,-4.561281748124530466e-01
1.120000000000000107e+01,6.210225655399508327e+00,-2.820862836372690197e+00,2.932180353099793080e-01,-4.552375413769549906e-01
1.130000000000000071e+01,6.239450105450263351e+00,-2.866342202300207198e+00,2.912758993179857536e-01,-4.543503601786633705e-01
1.140000000000000036e+01,6.268481810743169014e+00,-2.911733026452156370e+00,2.893630283961762251e-01,-4.534667200507297991e-01
1.150000000000000000e+01,6.297323664588522441e+00,-2.957035667073250274e+00,2.874787618907586051e-01,-4.525867025803039789e-01
1.160000000000000142e+01,6.325978495204161334e+00,-3.002250490223118629e+00,2.856224584928179211e-01,-4.517103825432117192e-01
1.170000000000000107e+01,6.354449067615856706e+00,-3.047377869115480475e+00,2.837934955588083397e-01,-4.508378283122690955e-01
1.180000000000000071e+01,6.382738085491045155e+00,-3.092418183497187112e+00,2.819912684581561968e-01,-4.499691022409400554e-01
1.190000000000000036e+01,6.410848192908528809e+00,-3.137371819064629364e+00,2.802151899467871798e-01,-4.491042610239525668e-01
1.200000000000000000e+01,6.438781976066769275e+00,-3.182239166915111994e+00,2.784646895654800391e-01,-4.482433560362918401e-01
1.210000000000000142e+01,6.466541964933470332e+00,-3.227020623030611102e+00,2.767392130619629742e-01,-4.473864336519445262e-01
1.220000000000000107e+01,6.494130634838251481e+00,-3.271716587792994346e+00,2.750382218357441677e-01,-4.465335355437184406e-01
1.230000000000000071e+01,6.521550408010888589e+00,-3.316327465528309038e+00,2.733611924046991937e-01,-4.456846989652882840e-01
1.240000000000000036e+01,6.548803655067451324e+00,-3.360853664078076175e+00,2.717076158924786045e-01,-4.448399570165723071e-01
1.250000000000000000e+01,6.575892696446091534e+00,-3.405295594396535730e+00,2.700769975358481845e-01,-4.439993388935048468e-01
1.260000000000000142e+01,6.602819803794432119e+00,-3.449653670172266207e+00,2.684688562111093857e-01,-4.431628701231692946e-01
1.270000000000000107e+01,6.629587201310585876e+00,-3.493928307472489614e+00,2.668827239787953665e-01,-4.423305727851631342e-01
1.280000000000000071e+01,6.656197067039770765e+00,-3.538119924408506645e+00,2.653181456458463261e-01,-4.415024657200604108e-01
1.290000000000000036e+01,6.682651534127549198e+00,-3.582228940822062224e+00,2.637746783445495402e-01,-4.406785647257829286e-01
1.300000000000000000e+01,6.708952692032001508e+00,-3.626255777990360141e+00,2.622518911275100173e-01,-4.398588827425836678e-01
1.310000000000000142e+01,6.735102587696219167e+00,-3.670200858349003781e+00,2.607493645779919711e-01,-4.390434300273343693e-01
1.320000000000000107e+01,6.761103226682498857e+00,-3.714064605231960581e+00,2.592666904349739676e-01,-4.382322143177847518e-01
1.330000000000000071e+01,6.786956574269683351e+00,-3.757847442627575418e+00,2.578034712323047928e-01,-4.374252409873897185e-01
1.340000000000000036e+01,6.812664556515143133e+00,-3.801549794949527161e+00,2.563593199513765075e-01,-4.366225131912476187e-01
1.350000000000000000e+01,6.838229061282917520e+00,-3.845172086821667445e+00,2.549338596867339324e-01,-4.358240320036925741e-01
1.360000000000000142e+01,6.863651939238666344e+00,-3.888714742876726582e+00,2.535267233241026985e-01,-4.350297965480565687e-01
1.370000000000000107e+01,6.888935004813156127e+00,-3.932178187567411776e+00,2.521375532303092304e-01,-4.342398041190380087e-01
1.380000000000000071e+01,6.914080037135425627e+00,-3.975562844989276812e+00,2.507660009546026081e-01,-4.334540502981135690e-01
1.390000000000000036e+01,6.939088780936562451e+00,-4.018869138714881828e+00,2.494117269409131254e-01,-4.326725290624130471e-01
1.400000000000000000e+01,6.963962947425162753e+00,-4.062097491638615665e+00,2.480744002505927970e-01,-4.318952328874434143e-01
1.410000000000000142e+01,6.988704215135582487e+00,-4.105248325831481360e+00,2.467536982952194535e-01,-4.311221528440032369e-01
1.420000000000000107e+01,7.013314230750107292e+00,-4.148322062405114252e+00,2.454493065790464834e-01,-4.303532786896231421e-01
1.430000000000000071e+01,7.037794609895824394e+00,-4.191319121384718294e+00,2.441609184507009256e-01,-4.295885989548699491e-01
1.440000000000000036e+01,7.062146937916763179e+00,-4.234239921590768674e+00,2.428882348637836086e-01,-4.288281010248000680e-01
1.450000000000000000e+01,7.086372770622925366e+00,-4.277084880528167155e+00,2.416309641459731816e-01,-4.280717712158320643e-01
1.460000000000000142e+01,7.110473635016499649e+00,-4.319854414283035737e+00,2.403888217763275048e-01,-4.273195948483021200e-01
1.470000000000000107e+01,7.134451029996183635e+00,-4.362548937426579343e+00,2.391615301704333452e-01,-4.265715563149625744e-01
1.480000000000000071e+01,7.158306427040352027e+00,-4.405168862925651574e+00,2.379488184731013423e-01,-4.258276391456447540e-01
1.490000000000000036e+01,7.182041270869894412e+00,-4.447714602059559041e+00,2.367504223583100365e-01,-4.250878260682945387e-01
1.500000000000000000e+01,7.205656980091563746e+00,-4.490186564342638853e+00,2.355660838361020859e-01,-4.243520990665903270e-01
1.510000000000000142e+01,7.229154947822183708e+00,-4.532585157452609259e+00,2.343955510661651365e-01,-4.236204394343487944e-01
1.520000000000000107e+01,7.252536542294405919e+00,-4.574910787164327530e+00,2.332385781778464617e-01,-4.228928278268857532e-01
1.530000000000000071e+01,7.275803107445045548e+00,-4.617163857288272055e+00,2.320949250963251498e-01,-4.221692443095010905e-01
1.540000000000000036e+01,7.298955963486236875e+00,-4.659344769613841919e+00,2.309643573747287293e-01,-4.214496684032476570e-01
1.550000000000000000e+01,7.321996407460060752e+00,-4.701453923857127570e+00,2.298466460319459337e-01,-4.207340791281474202e-01
1.560000000000000142e+01,7.344925713777188392e+00,-4.743491717612913661e+00,2.287415673959249107e-01,-4.200224550439863314e-01
1.570000000000000107e+01,7.367745134740146362e+00,-4.785458546310607630e+00,2.276489029522484331e-01,-4.193147742888186369e-01
1.580000000000000071e+01,7.390455901051833365e+00,-4.827354803173821374e+00,2.265684391977766943e-01,-4.186110146153067535e-01
1.590000000000000036e+01,7.413059222309589913e+00,-4.869180879183505617e+00,2.254999674991642333e-01,-4.179111534250275484e-01
1.600000000000000000e+01,7.435556287485066917e+00,-4.910937163044686748e+00,2.244432839560874249e-01,-4.172151678008497178e-01
1.610000000000000142e+01,7.457948265391027398e+00,-4.952624041155997858e+00,2.233981892689687054e-01,-4.165230345374822396e-01
1.619999999999999929e+01,7.480236305134977393e+00,-4.994241897582330836e+00,2.223644886110620333e-01,-4.158347301702954302e-01
1.630000000000000071e+01,7.502421536560246906e+00,-5.035791114030272908e+00,2.213419915047165343e-01,-4.151502310025154130e-01
1.640000000000000213e+01,7.524505070674837093e+00,-5.077272069826208600e+00,2.203305117016689518e-01,-4.144695131308783198e-01
1.650000000000000000e+01,7.546488000068498181e+00,-5.118685141896921920e+00,2.193298670672179929e-01,-4.137925524698228830e-01
1.660000000000000142e+01,7.568371399318481352e+00,-5.160030704752502473e+00,2.183398794681353783e-01,-4.131193247742982466e-01
1.669999999999999929e+01,7.590156325384368685e+00,-5.201309130471368114e+00,2.173603746641688539e-01,-4.124498056612677654e-01
1.680000000000000071e+01,7.611843817991949201e+00,-5.242520788687613731e+00,2.163911822030192833e-01,-4.117839706299840641e-01
1.690000000000000213e+01,7.633434900006875523e+00,-5.283666046580204778e+00,2.154321353186577359e-01,-4.111217950810902577e-01
1.700000000000000000e+01,7.654930577798404912e+00,-5.324745268863990688e+00,2.144830708328555879e-01,-4.104632543346138918e-01
1.710000000000000142e+01,7.676331841593401428e+00,-5.365758817782489309e+00,2.135438290598243583e-01,-4.098083236469120538e-01
1.719999999999999929e+01,7.697639665820921628e+00,-5.406707053102324245e+00,2.126142537138420996e-01,-4.091569782266299971e-01
1.730000000000000071e+01,7.718855009447701754e+00,-5.447590332109246702e+00,2.116941918197637051e-01,-4.085091932497213474e-01
1.740000000000000213e+01,7.739978816304817322e+00,-5.488409009605585531e+00,2.107834936263154324e-01,-4.078649438735781341e-01
1.750000000000000000e+01,7.761012015405883702e+00,-5.529163437909046408e+00,2.098820125220708099e-01,-4.072242052503174392e-01
1.760000000000000142e+01,7.781955521257073904e+00,-5.569853966852738480e+00,2.089896049540078959e-01,-4.065869525392717954e-01
1.769999999999999929e+01,7.802810234158847891e+00,-5.610480943786571473e+00,2.081061303485703118e-01,-4.059531609187329582e-01
1.780000000000000071e+01,7.823577040500039992e+00,-5.651044713579734591e+00,2.072314510351352945e-01,-4.053228055969761434e-01
1.790000000000000213e+01,7.844256813044472310e+00,-5.691545618624164860e+00,2.063654321718005336e-01,-4.046958618226088600e-01
1.800000000000000000e+01,7.864850411210221104e+00,-5.731983998839072392e+00,2.055079416734214848e-01,-4.040723048942774787e-01
1.810000000000000142e+01,7.885358681341790188e+00,-5.772360191676412455e+00,2.046588501418097616e-01,-4.034521101697708390e-01
1.819999999999999929e+01,7.905782456975373407e+00,-5.812674532127231508e+00,2.038180307980233807e-01,-4.028352530745503701e-01
1.830000000000000071e+01,7.926122559097453113e+00,-5.852927352728866772e+00,2.029853594166773634e-01,-4.022217091097350372e-01
1.840000000000000213e+01,7.946379796396954021e+00,-5.893118983572877667e+00,2.021607142622060538e-01,-4.016114538595695893e-01
1.850000000000000000e+01,7.966554965511195796e+00,-5.933249752313666470e+00,2.013439760270057666e-01,-4.010044629984042541e-01
1.860000000000000142e+01,7.986648851265723437e+00,-5.973319984177805964e+00,2.005350277713948692e-01,-4.004007122972151334e-01
1.869999999999999929e+01,8.006662226907950597e+00,-6.013330001974114047e+00,1.997337548653453088e-01,-3.998001776296901677e-01
1.880000000000000071e+01,8.026595854335432989e+00,-6.053280126104143122e+00,1.989400449318968478e-01,-3.992028349778949381e-01
1.890000000000000213e+01,8.046450484318389940e+00,-6.093170674573285872e+00,1.981537877922245339e-01,-3.986086604375480014e-01
1.900000000000000000e+01,8.066226856716850691e+00,-6.133001963002385537e+00,1.973748754122909010e-01,-3.980176302229240237e-01
1.910000000000000142e+01,8.085925700692529361e+00,-6.172774304639832010e+00,1.966032018510317780e-01,-3.974297206714070829e-01
1.920000000000000284e+01,8.105547734915564462e+00,-6.212488010374091374e+00,1.958386632100271030e-01,-3.968449082477107370e-01
1.930000000000000071e+01,8.125093667766302374e+00,-6.252143388746645769e+00,1.950811575846083945e-01,-3.962631695477817906e-01
1.940000000000000213e+01,8.144564197532313088e+00,-6.291740745965298309e+00,1.943305850163546122e-01,-3.956844813024038565e-01
1.950000000000000000e+01,8.163960012600757210e+00,-6.331280385917779086e+00,1.935868474469285005e-01,-3.951088203805178667e-01
1.960000000000000142e+01,8.183281791646161096e+00,-6.370762610185720654e+00,1.928498486732108108e-01,-3.945361637922775722e-01
1.970000000000000284e+01,8.202530203813568122e+00,-6.410187718059003004e+00,1.921194943037025094e-01,-3.939664886918535780e-01
1.980000000000000071e+01,8.221705908897709136e+00,-6.449556006550213105e+00,1.913956917161290794e-01,-3.933997723799926849e-01
1.990000000000000213e+01,8.240809557517826178e+00,-6.488867770409446400e+00,1.906783500162317069e-01,-3.928359923063525216e-01
2.000000000000000000e+01,8.259841791288474511e+00,-6.528123302139286821e+00,1.899673799976967503e-01,-3.922751260716206279e-01
2.010000000000000142e+01,8.278803242986365163e+00,-6.567322892010020396e+00,1.892626941031871346e-01,-3.917171514294324197e-01
2.020000000000000284e+01,8.297694536713322577e+00,-6.606466828075014064e+00,1.885642063864429729e-01,-3.911620462880969762e-01
2.030000000000000071e+01,8.316516288055540329e+00,-6.645555396186278330e+00,1.878718324754182489e-01,-3.906097887121406376e-01
2.040000000000000213e+01,8.335269104239193538e+00,-6.684588880010159606e+00,1.871854895364200855e-01,-3.900603569236780754e-01
2.050000000000000000e+01,8.353953584282560740e+00,-6.723567561043129359e+00,1.865050962392182377e-01,-3.895137293036208259e-01
2.060000000000000142e+01,8.372570319144752915e+00,-6.762491718627702930e+00,1.858305727230914750e-01,-3.889698843927322236e-01
2.070000000000000284e+01,8.391119891870824077e+00,-6.801361629968529776e+00,1.851618405637939779e-01,-3.884288008925424474e-01
2.080000000000000071e+01,8.409602877733878046e+00,-6.840177570148490815e+00,1.844988227413990323e-01,-3.878904576661212911e-01
2.090000000000000213e+01,8.428019844373938696e+00,-6.878939812144876598e+00,1.838414436089977622e-01,-3.873548337387235363e-01
2.100000000000000000e+01,8.446371351933718685e+00,-6.917648626845626758e+00,1.831896288622320013e-01,-3.868219082983115897e-01
2.110000000000000142e+01,8.464657953191405682e+00,-6.956304283065633420e+00,1.825433055096288004e-01,-3.862916606959634902e-01
2.120000000000000284e+01,8.482880193690473192e+00,-6.994907047563056146e+00,1.819024018437145618e-01,-3.857640704461735015e-01
2.130000000000000071e+01,8.501038611866663430e+00,-7.033457185055691063e+00,1.812668474128862062e-01,-3.852391172270499542e-01
2.140000000000000213e+01,8.519133739172188413e+00,-7.071954958237339994e+00,1.806365729940161702e-01,-3.847167808804159983e-01
2.150000000000000000e+01,8.537166100197229213e+00,-7.110400627794176920e+00,1.800115105657690839e-01,-3.841970414118194843e-01
2.160000000000000142e+01,8.555136212788866601e+00,-7.148794452421110002e+00,1.793915932826071480e-01,-3.836798789904559692e-01
2.170000000000000284e+01,8.573044588167443081e+00,-7.187136688838107190e+00,1.787767554494625599e-01,-3.831652739490123971e-01
2.180000000000000071e+01,8.590891731040207091e+00,-7.225427591806600880e+00,1.781669324970670265e-01,-3.826532067834382822e-01
2.190000000000000213e+01,8.608678139712763411e+00,-7.263667414145773549e+00,1.775620609579051379e-01,-3.821436581526408416e-01
2.200000000000000000e+01,8.626404306198077521e+00,-7.301856406748825634e+00,1.769620784427798077e-01,-3.816366088781155130e-01
2.210000000000000142e+01,8.644070716323163595e+00,-7.339994818599220316e+00,1.763669236179743749e-01,-3.811320399435126349e-01
2.220000000000000284e+01,8.661677849833518295e+00,-7.378082896786865241e+00,1.757765361829894402e-01,-3.806299324941453399e-01
2.230000000000000071e+01,8.679226180495346554e+00,-7.416120886524260492e+00,1.751908568488387274e-01,-3.801302678364436027e-01
2.240000000000000213e+01,8.696716176195645076e+00,-7.454109031162585275e+00,1.746098273168882886e-01,-3.796330274373555524e-01
2.250000000000000000e+01,8.714148299040180845e+00,-7.492047572207713557e+00,1.740333902582245074e-01,-3.791381929237009896e-01
2.260000000000000142e+01,8.731523005449455255e+00,-7.529936749336177293e+00,1.734614892935341934e-01,-3.786457460814784959e-01
2.270000000000000284e+01,8.748840746252701805e+00,-7.567776800411031957e+00,1.728940689734821679e-01,-3.781556688551304668e-01
2.280000000000000071e+01,8.766101966779972443e+00,-7.605567961497648355e+00,1.723310747595704628e-01,-3.776679433467682312e-01
2.290000000000000213e+01,8.783307106952261023e+00,-7.643310466879457366e+00,1.717724530054680621e-01,-3.771825518153622547e-01
2.300000000000000000e+01,8.800456601369688769e+00,-7.681004549073614740e+00,1.712181509388026879e-01,-3.766994766758989255e-01
2.310000000000000142e+01,8.817550879398128316e+00,-7.718650438846534456e+00,1.706681166433860197e-01,-3.762187004985021455e-01
2.320000000000000284e+01,8.834590365253909283e+00,-7.756248365229361674e+00,1.701222990418767012e-01,-3.757402060075279437e-01
2.330000000000000071e+01,8.851575478086870064e+00,-7.793798555533345329e+00,1.695806478788608740e-01,-3.752639760806305014e-01
2.340000000000000213e+01,8.868506632061729178e+00,-7.831301235365127233e+00,1.690431137043391097e-01,-3.747899937478038068e-01
2.350000000000000000e+01,8.885384236437801064e+00,-7.868756628641919271e+00,1.685096478576092460e-01,-3.743182421904006074e-01
2.360000000000000142e+01,8.902208695647132686e+00,-7.906164957606602428e+00,1.679802024515338887e-01,-3.738487047401295449e-01
2.370000000000000284e+01,8.918980409371075169e+00,-7.943526442842702373e+00,1.674547303571832513e-01,-3.733813648780327510e-01
2.380000000000000071e+01,8.935699772615357972e+00,-7.980841303289279764e+00,1.669331851888414819e-01,-3.729162062334453465e-01
2.390000000000000213e+01,8.952367175783685127e+00,-8.018109756255698883e+00,1.664155212893668190e-01,-3.724532125829379536e-01
2.400000000000000000e+01,8.968983004749926380e+00,-8.055332017436283465e+00,1.659016937158946381e-01,-3.719923678492449981e-01
2.410000000000000142e+01,8.985547640928835733e+00,-8.092508300924887266e+00,1.653916582258755652e-01,-3.715336561001798543e-01
2.420000000000000284e+01,9.002061461345265414e+00,-8.129638819229375812e+00,1.648853712634451851e-01,-3.710770615475403322e-01
2.430000000000000071e+01,9.018524838702292712e+00,-8.166723783285940286e+00,1.643827899461018094e-01,-3.706225685459986763e-01
2.440000000000000213e+01,9.034938141447860005e+00,-8.203763402473338573e+00,1.638838720516976877e-01,-3.701701615919855692e-01
2.450000000000000000e+01,9.051301733840189101e+00,-8.240757884627004870e+00,1.633885760057306458e-01,-3.697198253225638664e-01
2.460000000000000142e+01,9.067615976011927259e+00,-8.277707436053074019e+00,1.628968608689264908e-01,-3.692715445142958908e-01
2.470000000000000284e+01,9.083881224033047985e+00,-8.314612261542251304e+00,1.624086863251061053e-01,-3.688253040821046769e-01
2.480000000000000071e+01,9.100097829972565222e+00,-8.351472564383612962e+00,1.619240126693290149e-01,-3.683810890781299974e-01
2.490000000000000213e+01,9.116266141959071589e+00,-8.388288546378262822e+00,1.614428007963072953e-01,-3.679388846905796151e-01
2.500000000000000000e+01,9.132386504240116665e+00,-8.425060407852882349e+00,1.609650121890819074e-01,-3.674986762425773712e-01
2.510000000000000142e+01,9.148459257240507014e+00,-8.461788347673170563e+00,1.604906089079544129e-01,-3.670604491910077760e-01
2.520000000000000284e+01,9.164484737619497778e+00,-8.498472563257141843e+00,1.600195535796673507e-01,-3.666241891253593232e-01
2.530000000000000071e+01,9.180463278326953969e+00,-8.535113250588338474e+00,1.595518093868253939e-01,-3.661898817665655836e-01
2.540000000000000213e+01,9.196395208658351805e+00,-8.571710604228922392e+00,1.590873400575551488e-01,-3.657575129658485191e-01
2.550000000000000000e+01,9.212280854308779965e+00,-8.608264817332647922e+00,1.586261098553965188e-01,-3.653270687035605757e-01
2.560000000000000142e+01,9.228120537426061532e+00,-8.644776081657717270e+00,1.581680835694120324e-01,-3.648985350880259992e-01
2.570000000000000284e+01,9.243914576662797700e+00,-8.681244587579511673e+00,1.577132265045193271e-01,-3.644718983543857038e-01
2.580000000000000071e+01,9.259663287227477113e+00,-8.717670524103215968e+00,1.572615044720355182e-01,-3.640471448634424179e-01
2.590000000000000213e+01,9.275366980934666827e+00,-8.754054078876333023e+00,1.568128837804279585e-01,-3.636242611005091607e-01
2.600000000000000000e+01,9.291025966254261803e+00,-8.790395438201072054e+00,1.563673312262673920e-01,-3.632032336742606615e-01
2.610000000000000142e+01,9.306640548359851550e+00,-8.826694787046633905e+00,1.559248140853775055e-01,-3.627840493155881085e-01
2.620000000000000284e+01,9.322211029176195041e+00,-8.862952309061366662e+00,1.554853001041773264e-01,-3.623666948764576734e-01
2.630000000000000071e+01,9.337737707425858957e+00,-8.899168186584828888e+00,1.550487574912102207e-01,-3.619511573287729767e-01
2.640000000000000213e+01,9.353220878675017502e+00,-8.935342600659721413e+00,1.546151549088557453e-01,-3.615374237632422716e-01
2.650000000000000000e+01,9.368660835378433305e+00,-8.971475731043700108e+00,1.541844614652189416e-01,-3.611254813882499581e-01
2.660000000000000142e+01,9.384057866923678048e+00,-9.007567756221101618e+00,1.537566467061921016e-01,-3.607153175287335367e-01
2.670000000000000284e+01,9.399412259674507553e+00,-9.043618853414525205e+00,1.533316806076858441e-01,-3.603069196250666684e-01
2.680000000000000071e+01,9.414724297013371768e+00,-9.079629198596343542e+00,1.529095335680294154e-01,-3.599002752319493958e-01
2.690000000000000213e+01,9.429994259383395416e+00,-9.115598966500071398e+00,1.524901764005255345e-01,-3.594953720173013623e-01
2.700000000000000000e+01,9.445222424329466904e+00,-9.151528330631629515e+00,1.520735803261651364e-01,-3.590921977611632454e-01
2.710000000000000142e+01,9.460409066538669975e+00,-9.187417463280501906e+00,1.516597169664955502e-01,-3.586907403546044648e-01
2.720000000000000284e+01,9.475554457879976411e+00,-9.223266535530784793e+00,1.512485583366376674e-01,-3.582909877986372171e-01
2.730000000000000071e+01,9.490658867443274360e+00,-9.259075717272127193e+00,1.508400768384484114e-01,-3.578929282031381720e-01
2.740000000000000213e+01,9.505722561577695018e+00,-9.294845177210564913e+00,1.504342452538254549e-01,-3.574965497857770513e-01
2.750000000000000000e+01,9.520745803929282047e+00,-9.330575082879246196e+00,1.500310367381507970e-01,-3.571018408709528136e-01
2.760000000000000142e+01,9.535728855478021515e+00,-9.366265600649052558e+00,1.496304248138699278e-01,-3.567087898887369435e-01
2.770000000000000284e+01,9.550671974574218126e+00,-9.401916895739114821e+00,1.492323833642032194e-01,-3.563173853738246244e-01
2.780000000000000071e+01,9.565575416974274603e+00,-9.437529132227219009e+00,1.488368866269865198e-01,-3.559276159644934046e-01
2.790000000000000213e+01,9.580439435875861776e+00,-9.473102473060116324e+00,1.484439091886370632e-01,-3.555394704015695240e-01
2.800000000000000000e+01,9.595264281952500696e+00,-9.508637080063721214e+00,1.480534259782420869e-01,-3.551529375274022904e-01
2.810000000000000142e+01,9.610050203387556778e+00,-9.544133113953213510e+00,1.476654122617670761e-01,-3.547680062848468374e-01
2.820000000000000284e+01,9.624797445907518068e+00,-9.579590734343048197e+00,1.472798436363853547e-01,-3.543846657162566527e-01
2.830000000000000071e+01,9.639506252814937781e+00,-9.615010099756849726e+00,1.468966960249167286e-01,-3.540029049624813795e-01
2.840000000000000213e+01,9.654176865020714260e+00,-9.650391367637210394e+00,1.465159456703796770e-01,-3.536227132618742219e-01
2.850000000000000000e+01,9.668809521075823810e+00,-9.685734694355387475e+00,1.461375691306539826e-01,-3.532440799493082872e-01
2.860000000000000142e+01,9.683404457202566817e+00,-9.721040235220915093e+00,1.457615432732490834e-01,-3.528669944552002002e-01
2.870000000000000284e+01,9.697961907325261421e+00,-9.756308144491105949e+00,1.453878452701764523e-01,-3.524914463045430990e-01
2.880000000000000071e+01,9.712482103100450459e+00,-9.791538575380457132e+00,1.450164525929237558e-01,-3.521174251159478463e-01
2.890000000000000213e+01,9.726965273946591495e+00,-9.826731680069970665e+00,1.446473430075283784e-01,-3.517449206006928453e-01
2.900000000000000000e+01,9.741411647073261904e+00,-9.861887609716369241e+00,1.442804945697481189e-01,-3.513739225617824591e-01
2.910000000000000142e+01,9.755821447509902100e+00,-9.897006514461226701e+00,1.439158856203269776e-01,-3.510044208930138132e-01
2.920000000000000284e+01,9.770194898134066719e+00,-9.932088543439997252e+00,1.435534947803537020e-01,-3.506364055780523681e-01
2.930000000000000071e+01,9.784532219699251243e+00,-9.967133844790952324e+00,1.431933009467107332e-01,-3.502698666895158186e-01
2.940000000000000213e+01,9.798833630862244348e+00,-1.000214256566404281e+01,1.428352832876115808e-01,-3.499047943880663758e-01
2.950000000000000000e+01,9.813099348210077011e+00,-1.003711485222963873e+01,1.424794212382241576e-01,-3.495411789215118747e-01
2.960000000000000142e+01,9.827329586286479568e+00,-1.007205084968721920e+01,1.421256944963792401e-01,-3.491790106239158198e-01
2.970000000000000284e+01,9.841524557617855606e+00,-1.010695070227394332e+01,1.417740830183643608e-01,-3.488182799147170887e-01
2.980000000000000071e+01,9.855684472739017821e+00,-1.014181455327314652e+01,1.414245670147935285e-01,-3.484589772978553546e-01
2.990000000000000213e+01,9.869809540218383859e+00,-1.017664254502275156e+01,1.410771269465587452e-01,-3.481010933609069991e-01
3.000000000000000000e+01,9.883899966682806237e+00,-1.021143481892357840e+01,1.407317435208589596e-01,-3.477446187742291861e-01
3.010000000000000142e+01,9.897955956842013236e+00,-1.024619151544759355e+01,1.403883976873040174e-01,-3.473895442901119845e-01
3.020000000000000284e+01,9.911977713512660770e+00,-1.028091277414604576e+01,1.400470706340927463e-01,-3.470358607419395947e-01
3.030000000000000071e+01,9.925965437642002342e+00,-1.031559873365754498e+01,1.397077437842628722e-01,-3.466835590433595682e-01
3.040000000000000213e+01,9.939919328331178860e+00,-1.035024953171605056e+01,1.393703987920118237e-01,-3.463326301874604662e-01
3.050000000000000000e+01,9.953839582858158508e+00,-1.038486530515876183e+01,1.390350175390867027e-01,-3.459830652459583433e-01
3.060000000000000142e+01,9.967726396700305358e+00,-1.041944618993395189e+01,1.387015821312420072e-01,-3.456348553683907809e-01
3.070000000000000284e+01,9.981579963556608703e+00,-1.045399232110870358e+01,1.383700748947634673e-01,-3.452879917813198585e-01
3.080000000000000071e+01,9.995400475369564219e+00,-1.048850383287657273e+01,1.380404783730566076e-01,-3.449424657875425626e-01
3.090000000000000213e+01,1.000918812234672650e+01,-1.052298085856518028e+01,1.377127753232983975e-01,-3.445982687653099119e-01
3.100000000000000000e+01,1.002294309298193475e+01,-1.055742353064370498e+01,1.373869487131507416e-01,-3.442553921675539641e-01
3.110000000000000142e+01,1.003666557407622406e+01,-1.059183198073032450e+01,1.370629817175339493e-01,-3.439138275211224283e-01
3.120000000000000284e+01,1.005035575075831211e+01,-1.062620633959956251e+01,1.367408577154616001e-01,-3.435735664260233246e-01
3.130000000000000071e+01,1.006401380650487454e+01,-1.066054673718957346e+01,1.364205602869328349e-01,-3.432346005546755840e-01
3.140000000000000213e+01,1.007763992316052892e+01,-1.069485330260934575e+01,1.361020732098789099e-01,-3.428969216511678630e-01
3.150000000000000000e+01,1.009123428095744757e+01,-1.072912616414582487e+01,1.357853804571679535e-01,-3.425605215305255746e-01
3.160000000000000142e+01,1.010479705853471799e+01,-1.076336544927097627e+01,1.354704661936635413e-01,-3.422253920779854131e-01
3.170000000000000284e+01,1.011832843295739615e+01,-1.079757128464877347e+01,1.351573147733365066e-01,-3.418915252482780942e-01
3.180000000000000071e+01,1.013182857973527184e+01,-1.083174379614210103e+01,1.348459107364285425e-01,-3.415589130649180905e-01
3.190000000000000213e+01,1.014529767284136774e+01,-1.086588310881961306e+01,1.345362388066670689e-01,-3.412275476195016921e-01
3.200000000000000000e+01,1.015873588473012745e+01,-1.089998934696249044e+01,1.342282838885300034e-01,-3.408974210710120634e-01
3.210000000000000142e+01,1.017214338635537274e+01,-1.093406263407116086e+01,1.339220310645595213e-01,-3.405685256451322362e-01
3.220000000000000284e+01,1.018552034718796584e+01,-1.096810309287192275e+01,1.336174655927237775e-01,-3.402408536335651545e-01
3.230000000000000426e+01,1.019886693523322307e+01,-1.100211084532351435e+01,1.333145729038256733e-01,-3.399143973933613228e-01
3.239999999999999858e+01,1.021218331704806737e+01,-1.103608601262362576e+01,1.330133385989574757e-01,-3.395891493462536159e-01
3.250000000000000000e+01,1.022546965775794803e+01,-1.107002871521532406e+01,1.327137484470002071e-01,-3.392651019779991395e-01
3.260000000000000142e+01,1.023872612107349411e+01,-1.110393907279342329e+01,1.324157883821674431e-01,-3.389422478377283054e-01
3.270000000000000284e+01,1.025195286930694927e+01,-1.113781720431079592e+01,1.321194445015913266e-01,-3.386205795373010696e-01
3.280000000000000426e+01,1.026515006338833125e+01,-1.117166322798460953e+01,1.318247030629516869e-01,-3.383000897506706073e-01
3.289999999999999858e+01,1.027831786288128590e+01,-1.120547726130250155e+01,1.315315504821486792e-01,-3.379807712132543163e-01
3.300000000000000000e+01,1.029145642599890742e+01,-1.123925942102870756e+01,1.312399733310116168e-01,-3.376626167213102048e-01
3.310000000000000142e+01,1.030456590961915886e+01,-1.127300982321009748e+01,1.309499583350502705e-01,-3.373456191313210506e-01
3.320000000000000284e+01,1.031764646930015417e+01,-1.130672858318217600e+01,1.306614923712449139e-01,-3.370297713593853883e-01
3.330000000000000426e+01,1.033069825929518259e+01,-1.134041581557501566e+01,1.303745624658742830e-01,-3.367150663806150468e-01
3.339999999999999858e+01,1.034372143256754484e+01,-1.137407163431912238e+01,1.300891557923810338e-01,-3.364014972285391814e-01
3.350000000000000000e+01,1.035671614080515646e+01,-1.140769615265125836e+01,1.298052596692734761e-01,-3.360890569945151896e-01
3.360000000000000142e+01,1.036968253443495769e+01,-1.144128948312018323e+01,1.295228615580637510e-01,-3.357777388271459551e-01
3.370000000000000284e+01,1.038262076263709766e+01,-1.147485173759235622e+01,1.292419490612406185e-01,-3.354675359317035865e-01
3.380000000000000426e+01,1.039553097335894094e+01,-1.150838302725757245e+01,1.289625099202772185e-01,-3.351584415695595953e-01
3.389999999999999858e+01,1.040841331332886277e+01,-1.154188346263454612e+01,1.286845320136726367e-01,-3.348504490576212911e-01
3.400000000000000000e+01,1.042126792806985236e+01,-1.157535315357644023e+01,1.284080033550263622e-01,-3.345435517677744497e-01
3.410000000000000142e+01,1.043409496191293506e+01,-1.160879220927632538e+01,1.281329120911456898e-01,-3.342377431263320875e-01
3.420000000000000284e+01,1.044689455801039379e+01,-1.164220073827260293e+01,1.278592465001844591e-01,-3.339330166134895084e-01
3.430000000000000426e+01,1.045966685834882881e+01,-1.167557884845436966e+01,1.275869949898132683e-01,-3.336293657627849019e-01
3.439999999999999858e+01,1.047241200376202208e+01,-1.170892664706671660e+01,1.273161460954199131e-01,-3.333267841605666026e-01
3.450000000000000000e+01,1.048513013394364002e+01,-1.174224424071599415e+01,1.270466884783397754e-01,-3.330252654454655681e-01
3.460000000000000142e+01,1.049782138745963778e+01,-1.177553173537500264e+01,1.267786109241179071e-01,-3.327248033078755718e-01
3.470000000000000284e+01,1.051048590176068664e+01,-1.180878923638815259e+01,1.265119023407971499e-01,-3.324253914894365614e-01
3.480000000000000426e+01,1.052312381319432255e+01,-1.184201684847655223e+01,1.262465517572350093e-01,-3.321270237825253435e-01
3.489999999999999858e+01,1.053573525701692759e+01,-1.187521467574307188e+01,1.259825483214493669e-01,-3.318296940297514319e-01
3.500000000000000000e+01,1.054832036740558721e+01,-1.190838282167732842e+01,1.257198812989910042e-01,-3.315333961234587234e-01
3.510000000000000142e+01,1.056087927746974664e+01,-1.194152138916064310e+01,1.254585400713426890e-01,-3.312381240052326703e-01
3.520000000000000284e+01,1.057341211926273239e+01,-1.197463048047093537e+01,1.251985141343446295e-01,-3.309438716654127255e-01
3.530000000000000426e+01,1.058591902379311556e+01,-1.200771019728757238e+01,1.249397930966454073e-01,-3.306506331426106726e-01
3.539999999999999858e+01,1.059840012103590290e+01,-1.204076064069618113e+01,1.246823666781781553e-01,-3.303584025232338406e-01
3.550000000000000000e+01,1.061085553994360176e+01,-1.207378191119340372e+01,1.244262247086615897e-01,-3.300671739410140360e-01
3.560000000000000142e+01,1.062328540845711089e+01,-1.210677410869159409e+01,1.241713571261252730e-01,-3.297769415765414713e-01
3.570000000000000284e+01,1.063568985351648877e+01,-1.213973733252348985e+01,1.239177539754587609e-01,-3.294876996568039673e-01
3.580000000000000426e+01,1.064806900107155485e+01,-1.217267168144683076e+01,1.236654054069840358e-01,-3.291994424547312614e-01
3.589999999999999858e+01,1.066042297609237366e+01,-1.220557725364892399e+01,1.234143016750509220e-01,-3.289121642887443131e-01
3.600000000000000000e+01,1.067275190257959316e+01,-1.223845414675118271e+01,1.231644331366548994e-01,-3.286258595223096601e-01
3.610000000000000142e+01,1.068505590357463575e+01,-1.227130245781359186e+01,1.229157902500770255e-01,-3.283405225634988822e-01
3.620000000000000284e+01,1.069733510116977726e+01,-1.230412228333916147e+01,1.226683635735451861e-01,-3.280561478645523388e-01
3.630000000000000426e+01,1.070958961651808572e+01,-1.233691371927831426e+01,1.224221437639166354e-01,-3.277727299214485135e-01
3.639999999999999858e+01,1.072181956984313977e+01,-1.236967686103323771e+01,1.221771215753829215e-01,-3.274902632734786878e-01
3.650000000000000000e+01,1.073402508044876136e+01,-1.240241180346220418e+01,1.219332878581936841e-01,-3.272087425028248342e-01
3.660000000000000142e+01,1.074620626672855295e+01,-1.243511864088382346e+01,1.216906335574002990e-01,-3.269281622341430049e-01
3.670000000000000284e+01,1.075836324617530693e+01,-1.246779746708127767e+01,1.214491497116201024e-01,-3.266485171341512173e-01
3.680000000000000426e+01,1.077049613539030481e+01,-1.250044837530650987e+01,1.212088274518200309e-01,-3.263698019112221127e-01
3.689999999999999858e+01,1.078260505009249570e+01,-1.253307145828436298e+01,1.209696580001189681e-01,-3.260920113149797239e-01
3.700000000000000000e+01,1.079469010512755212e+01,-1.256566680821669557e+01,1.207316326686087987e-01,-3.258151401359010713e-01
3.710000000000000142e+01,1.080675141447680332e+01,-1.259823451678643380e+01,1.204947428581939067e-01,-3.255391832049220890e-01
3.720000000000000284e+01,1.081878909126606736e+01,-1.263077467516160546e+01,1.202589800574484225e-01,-3.252641353930479373e-01
3.730000000000000426e+01,1.083080324777435344e+01,-1.266328737399932614e+01,1.200243358414913586e-01,-3.249899916109673104e-01
3.739999999999999858e+01,1.084279399544246125e+01,-1.269577270344974806e+01,1.197908018708790379e-01,-3.247167468086717412e-01
3.750000000000000000e+01,1.085476144488147732e+01,-1.272823075315997521e+01,1.195583698905145209e-01,-3.244443959750782369e-01
3.760000000000000142e+01,1.086670570588113982e+01,-1.276066161227793216e+01,1.193270317285740206e-01,-3.241729341376568541e-01
3.770000000000000284e+01,1.087862688741812178e+01,-1.279306536945619932e+01,1.190967792954494980e-01,-3.239023563620616608e-01
3.780000000000000426e+01,1.089052509766420229e+01,-1.282544211285581781e+01,1.188676045827075090e-01,-3.236326577517664171e-01
3.789999999999999858e+01,1.090240044399433295e+01,-1.285779193015005362e+01,1.186394996620639408e-01,-3.233638334477039744e-01
3.800000000000000000e+01,1.091425303299460658e+01,-1.289011490852812614e+01,1.184124566843740289e-01,-3.230958786279091721e-01
3.810000000000000142e+01,1.092608297047013366e+01,-1.292241113469889413e+01,1.181864678786379297e-01,-3.228287885071665642e-01
3.820000000000000284e+01,1.093789036145280491e+01,-1.295468069489452212e+01,1.179615255510208655e-01,-3.225625583366611426e-01
3.830000000000000426e+01,1.094967531020891727e+01,-1.298692367487410060e+01,1.177376220838893262e-01,-3.222971834036342242e-01
3.840000000000000568e+01,1.096143792024676422e+01,-1.301914015992722540e+01,1.175147499348610652e-01,-3.220326590310421122e-01
3.850000000000000000e+01,1.097317829432413916e+01,-1.305133023487756105e+01,1.172929016358682658e-01,-3.217689805772179223e-01
3.860000000000000142e+01,1.098489653445570191e+01,-1.308349398408636688e+01,1.170720697922358888e-01,-3.215061434355383496e-01
3.870000000000000284e+01,1.099659274192027780e+01,-1.311563149145597151e+01,1.168522470817737191e-01,-3.212441430340934878e-01
3.880000000000000426e+01,1.100826701726805723e+01,-1.314774284043323682e+01,1.166334262538816918e-01,-3.209829748353602019e-01
3.890000000000000568e+01,1.101991946032771885e+01,-1.317982811401297916e+01,1.164156001286686115e-01,-3.207226343358794418e-01
3.900000000000000000e+01,1.103155017021344975e+01,-1.321188739474135687e+01,1.161987615960837633e-01,-3.204631170659366646e-01
3.910000000000000142e+01,1.104315924533189097e+01,-1.324392076471923474e+01,1.159829036150614168e-01,-3.202044185892458095e-01
3.920000000000000284e+01,1.105474678338899430e+01,-1.327592830560550397e+01,1.157680192126780139e-01,-3.199465345026373253e-01
3.930000000000000426e+01,1.106631288139678837e+01,-1.330791009862038266e+01,1.155541014833215974e-01,-3.196894604357485292e-01
3.940000000000000568e+01,1.107785763568006843e+01,-1.333986622454868254e+01,1.153411435878735208e-01,-3.194331920507183509e-01
3.950000000000000000e+01,1.108938114188300972e+01,-1.337179676374303483e+01,1.151291387529022187e-01,-3.191777250418847967e-01
3.960000000000000142e+01,1.110088349497569382e+01,-1.340370179612711077e+01,1.149180802698685222e-01,-3.189230551354858556e-01
3.970000000000000284e+01,1.111236478926055327e+01,-1.343558140119878175e+01,1.147079614943428416e-01,-3.186691780893636805e-01
3.980000000000000426e+01,1.112382511837875221e+01,-1.346743565803327058e+01,1.144987758452334498e-01,-3.184160896926720441e-01
3.990000000000000568e+01,1.113526457531648184e+01,-1.349926464528627257e+01,1.142905168040261044e-01,-3.181637857655865154e-01
4.000000000000000000e+01,1.114668325241117941e+01,-1.353106844119703567e+01,1.140831779140344115e-01,-3.179122621590184106e-01
4.010000000000000142e+01,1.115808124135769042e+01,-1.356284712359143185e+01,1.138767527796611112e-01,-3.176615147543312978e-01
4.020000000000000284e+01,1.116945863321433841e+01,-1.359460076988497690e+01,1.136712350656697706e-01,-3.174115394630606657e-01
4.030000000000000426e+01,1.118081551840889531e+01,-1.362632945708583776e+01,1.134666184964676638e-01,-3.171623322266373668e-01
4.040000000000000568e+01,1.119215198674450029e+01,-1.365803326179780264e+01,1.132628968553989479e-01,-3.169138890161133371e-01
4.050000000000000000e+01,1.120346812740556430e+01,-1.368971226022323506e+01,1.130600639840464022e-01,-3.166662058318899797e-01
4.060000000000000142e+01,1.121476402896353974e+01,-1.372136652816600488e+01,1.128581137815443253e-01,-3.164192787034498244e-01
4.070000000000000284e+01,1.122603977938263853e+01,-1.375299614103436419e+01,1.126570402039011459e-01,-3.161731036890913504e-01
4.080000000000000426e+01,1.123729546602548979e+01,-1.378460117384382322e+01,1.124568372633314578e-01,-3.159276768756661413e-01
4.090000000000000568e+01,1.124853117565872829e+01,-1.381618170122000144e+01,1.122574990275975459e-01,-3.156829943783192594e-01
4.100000000000000000e+01,1.125974699445851535e+01,-1.384773779740142707e+01,1.120590196193601007e-01,-3.154390523402321178e-01
4.110000000000000142e+01,1.127094300801600113e+01,-1.387926953624235260e+01,1.118613932155381324e-01,-3.151958469323681289e-01
4.120000000000000284e+01,1.128211930134271235e+01,-1.391077699121549216e+01,1.116646140466778375e-01,-3.149533743532214047e-01
4.130000000000000426e+01,1.129327595887588664e+01,-1.394226023541478199e+01,1.114686763963302768e-01,-3.147116308285675679e-01
4.140000000000000568e+01,1.130441306448374128e+01,-1.397371934155808759e+01,1.112735746004378107e-01,-3.144706126112178923e-01
4.150000000000000000e+01,1.131553070147067785e+01,-1.400515438198989493e+01,1.110793030467290832e-01,-3.142303159807752766e-01
4.160000000000000142e+01,1.132662895258243907e+01,-1.403656542868398560e+01,1.108858561741222909e-01,-3.139907372433936028e-01
4.170000000000000284e+01,1.133770790001118733e+01,-1.406795255324607119e+01,1.106932284721370702e-01,-3.137518727315389278e-01
4.180000000000000426e+01,1.134876762540053896e+01,-1.409931582691641161e+01,1.105014144803141002e-01,-3.135137188037538380e-01
4.190000000000000568e+01,1.135980820985054507e+01,-1.413065532057241747e+01,1.103104087876430606e-01,-3.132762718444239147e-01
4.200000000000000000e+01,1.137082973392259966e+01,-1.416197110473121867e+01,1.101202060319982079e-01,-3.130395282635464738e-01
4.210000000000000142e+01,1.138183227764431571e+01,-1.419326324955222418e+01,1.099308008995817931e-01,-3.128034844965022487e-01
4.220000000000000284e+01,1.139281592051432312e+01,-1.422453182483963197e+01,1.097421881243750841e-01,-3.125681370038291274e-01
4.230000000000000426e+01,1.140378074150703291e+01,-1.425577690004494968e+01,1.095543624875966876e-01,-3.123334822709983305e-01
4.240000000000000568e+01,1.141472681907730902e+01,-1.428699854426946736e+01,1.093673188171686711e-01,-3.120995168081929783e-01
4.250000000000000000e+01,1.142565423116509038e+01,-1.431819682626671408e+01,1.091810519871906776e-01,-3.118662371500900421e-01
4.260000000000000142e+01,1.143656305520003258e+01,-1.434937181444491117e+01,1.089955569174191896e-01,-3.116336398556419640e-01
4.270000000000000284e+01,1.144745336810602687e+01,-1.438052357686937377e+01,1.088108285727552305e-01,-3.114017215078632161e-01
4.280000000000000426e+01,1.145832524630568905e+01,-1.441165218126491077e+01,1.086268619627386578e-01,-3.111704787136174710e-01
4.290000000000000568e+01,1.146917876572480210e+01,-1.444275769501820506e+01,1.084436521410495347e-01,-3.109399081034078804e-01
4.300000000000000000e+01,1.148001400179669851e+01,-1.447384018518016191e+01,1.082611942050158982e-01,-3.107100063311689087e-01
4.310000000000000142e+01,1.149083102946661583e+01,-1.450489971846824844e+01,1.080794832951282869e-01,-3.104807700740608856e-01
4.320000000000000284e+01,1.150162992319597244e+01,-1.453593636126879041e+01,1.078985145945607210e-01,-3.102521960322662808e-01
4.330000000000000426e+01,1.151241075696662008e+01,-1.456695017963928329e+01,1.077182833286980945e-01,-3.100242809287884205e-01
4.340000000000000568e+01,1.152317360428504500e+01,-1.459794123931065180e+01,1.075387847646697981e-01,-3.097970215092518131e-01
4.350000000000000000e+01,1.153391853818651036e+01,-1.462890960568950582e+01,1.073600142108896566e-01,-3.095704145417052522e-01
4.360000000000000142e+01,1.154464563123916854e+01,-1.465985534386037692e+01,1.071819670166018756e-01,-3.093444568164263608e-01
4.370000000000000284e+01,1.155535495554811476e+01,-1.469077851858792449e+01,1.070046385714331083e-01,-3.091191451457283579e-01
4.380000000000000426e+01,1.156604658275940700e+01,-1.472167919431913141e+01,1.068280243049503919e-01,-3.088944763637687663e-01
4.390000000000000568e+01,1.157672058406403615e+01,-1.475255743518548179e+01,1.066521196862249138e-01,-3.086704473263604531e-01
4.400000000000000000e+01,1.158737703020185705e+01,-1.478341330500511575e+01,1.064769202234015499e-01,-3.084470549107840021e-01
4.410000000000000142e+01,1.159801599146547346e+01,-1.481424686728496987e+01,1.063024214632739550e-01,-3.082242960156022504e-01
4.420000000000000284e+01,1.160863753770408380e+01,-1.484505818522288756e+01,1.061286189908653976e-01,-3.080021675604772136e-01
4.430000000000000426e+01,1.161924173832728258e+01,-1.487584732170972934e+01,1.059555084290148275e-01,-3.077806664859879526e-01
4.440000000000000568e+01,1.162982866230883161e+01,-1.490661433933145474e+01,1.057830854379684521e-01,-3.075597897534510516e-01
4.450000000000000000e+01,1.164039837819038148e+01,-1.493735930037117932e+01,1.056113457149765039e-01,-3.073395343447426487e-01
4.460000000000000142e+01,1.165095095408514858e+01,-1.496808226681124232e+01,1.054402849938952669e-01,-3.071198972621220769e-01
4.470000000000000284e+01,1.166148645768150871e+01,-1.499878330033519980e+01,1.052698990447951954e-01,-3.069008755280585587e-01
4.480000000000000426e+01,1.167200495624665812e+01,-1.502946246232986560e+01,1.051001836735727529e-01,-3.066824661850577893e-01
4.490000000000000568e+01,1.168250651663015560e+01,-1.506011981388730270e+01,1.049311347215675649e-01,-3.064646662954913503e-01
4.500000000000000000e+01,1.169299120526745206e+01,-1.509075541580679136e+01,1.047627480651847909e-01,-3.062474729414276231e-01
4.510000000000000142e+01,1.170345908818337755e+01,-1.512136932859680272e+01,1.045950196155222972e-01,-3.060308832244645338e-01
4.520000000000000284e+01,1.171391023099558737e+01,-1.515196161247693141e+01,1.044279453180027017e-01,-3.058148942655639635e-01
4.530000000000000426e+01,1.172434469891798337e+01,-1.518253232737983360e+01,1.042615211520098450e-01,-3.055995032048876014e-01
4.540000000000000568e+01,1.173476255676408897e+01,-1.521308153295313303e+01,1.040957431305301467e-01,-3.053847072016349085e-01
4.550000000000000000e+01,1.174516386895039410e+01,-1.524360928856131814e+01,1.039306072997983610e-01,-3.051705034338821898e-01
4.560000000000000142e+01,1.175554869949965742e+01,-1.527411565328762677e+01,1.037661097389478010e-01,-3.049568890984236114e-01
4.570000000000000284e+01,1.176591711204418544e+01,-1.530460068593590073e+01,1.036022465596652398e-01,-3.047438614106139365e-01
4.580000000000000426e+01,1.177626916982906558e+01,-1.533506444503244204e+01,1.034390139058498498e-01,-3.045314176042123178e-01
4.590000000000000568e+01,1.178660493571536882e+01,-1.536550698882783905e+01,1.032764079532766943e-01,-3.043195549312283088e-01
4.600000000000000000e+01,1.179692447218332596e+01,-1.539592837529878899e+01,1.031144249092643406e-01,-3.041082706617689313e-01
4.610000000000000142e+01,1.180722784133546099e+01,-1.542632866214989917e+01,1.029530610123466916e-01,-3.038975620838874625e-01
4.620000000000000284e+01,1.181751510489969270e+01,-1.545670790681547224e+01,1.027923125319489817e-01,-3.036874265034337217e-01
4.630000000000000426e+01,1.182778632423241838e+01,-1.548706616646127721e+01,1.026321757680676988e-01,-3.034778612439058554e-01
4.640000000000000568e+01,1.183804156032154609e+01,-1.551740349798630980e+01,1.024726470509546433e-01,-3.032688636463035659e-01
4.650000000000000000e+01,1.184828087378950379e+01,-1.554771995802453333e+01,1.023137227408048161e-01,-3.030604310689827274e-01
4.660000000000000142e+01,1.185850432489623607e+01,-1.557801560294661591e+01,1.021553992274481654e-01,-3.028525608875116126e-01
4.670000000000000284e+01,1.186871197354213336e+01,-1.560829048886162873e+01,1.019976729300452606e-01,-3.026452504945283950e-01
4.680000000000000426e+01,1.187890387927096825e+01,-1.563854467161876194e+01,1.018405402967865331e-01,-3.024384972995999288e-01
4.690000000000000568e+01,1.188908010127277848e+01,-1.566877820680900157e+01,1.016839978045952914e-01,-3.022322987290823604e-01
4.700000000000000000e+01,1.189924069838671450e+01,-1.569899114976680110e+01,1.015280419588347333e-01,-3.020266522259828501e-01
4.710000000000000142e+01,1.190938572910384075e+01,-1.572918355557174230e+01,1.013726692930187051e-01,-3.018215552498230148e-01
4.720000000000000284e+01,1.191951525156999203e+01,-1.575935547905017486e+01,1.012178763685249866e-01,-3.016170052765029252e-01
4.730000000000000426e+01,1.192962932358852335e+01,-1.578950697477685772e+01,1.010636597743127946e-01,-3.014129997981668252e-01
4.740000000000000568e+01,1.193972800262304368e+01,-1.581963809707656665e+01,1.009100161266437562e-01,-3.012095363230706258e-01
4.750000000000000000e+01,1.194981134580014803e+01,-1.584974890002570191e+01,1.007569420688061990e-01,-3.010066123754500111e-01
4.760000000000000142e+01,1.195987940991209975e+01,-1.587983943745388871e+01,1.006044342708427852e-01,-3.008042254953901540e-01
4.770000000000000284e+01,1.196993225141949324e+01,-1.590990976294554038e+01,1.004524894292814913e-01,-3.006023732386968184e-01
4.780000000000000426e+01,1.197996992645388659e+01,-1.593995992984143406e+01,1.003011042668698338e-01,-3.004010531767685177e-01
4.790000000000000568e+01,1.198999249082041629e+01,-1.596998999124026142e+01,1.001502755323121913e-01,-3.002002628964699493e-01
4.800000000000000000e+01,1.200000000000037836e+01,-1.600000000000016698e+01,1.000000000000104694e-01,-3.000000000000067613e-01
4.810000000000000142e+01,1.200999250915377914e+01,-1.602999000874028113e+01,9.985027446980776489e-02,-2.998002621048013738e-01
4.820000000000000284e+01,1.201997007312187549e+01,-1.605996006984223357e+01,9.970109576673516494e-02,-2.996010468433701335e-01
4.830000000000000426e+01,1.202993274642967414e+01,-1.608991023545165078e+01,9.955246074076158636e-02,-2.994023518632017433e-01
4.840000000000000568e+01,1.203988058328841149e+01,-1.611984055747964817e+01,9.940436626654659824e-02,-2.992041748266365264e-01
4.850000000000000000e+01,1.204981363759801560e+01,-1.614975108760432221e+01,9.925680924319621456e-02,-2.990065134107474099e-01
4.860000000000000142e+01,1.205973196294953809e+01,-1.617964187727220349e+01,9.910978659402157331e-02,-2.988093653072212419e-01
4.870000000000000284e+01,1.206963561262755924e+01,-1.620951297769971688e+01,9.896329526630054385e-02,-2.986127282222422741e-01
4.880000000000000426e+01,1.207952463961257017e+01,-1.623936443987462042e+01,9.881733223104208208e-02,-2.984165998763758654e-01
4.890000000000000568e+01,1.208939909658334422e+01,-1.626919631455745119e+01,9.867189448275351382e-02,-2.982209780044537961e-01
4.900000000000000000e+01,1.209925903591927110e+01,-1.629900865228292872e+01,9.852697903921035782e-02,-2.980258603554604147e-01
4.910000000000000142e+01,1.210910450970267149e+01,-1.632880150336139025e+01,9.838258294122900760e-02,-2.978312446924200607e-01
4.920000000000000284e+01,1.211893556972109565e+01,-1.635857491788015494e+01,9.823870325244203616e-02,-2.976371287922856546e-01
4.930000000000000426e+01,1.212875226746959534e+01,-1.638832894570494148e+01,9.809533705907615142e-02,-2.974435104458278412e-01
4.940000000000000568e+01,1.213855465415297807e+01,-1.641806363648123224e+01,9.795248146973259407e-02,-2.972503874575256888e-01
4.950000000000000000e+01,1.214834278068799733e+01,-1.644777903963563404e+01,9.781013361517075511e-02,-2.970577576454586644e-01
4.960000000000000142e+01,1.215811669770557124e+01,-1.647747520437723523e+01,9.766829064809379179e-02,-2.968656188411991081e-01
4.970000000000000284e+01,1.216787645555298880e+01,-1.650715217969895221e+01,9.752694974293649177e-02,-2.966739688897057081e-01
4.980000000000000426e+01,1.217762210429606462e+01,-1.653681001437886522e+01,9.738610809565599602e-02,-2.964828056492181396e-01
4.990000000000000568e+01,1.218735369372126875e+01,-1.656644875698153285e+01,9.724576292352499207e-02,-2.962921269911528155e-01
5.000000000000000000e+01,1.219707127333786367e+01,-1.659606845585931012e+01,9.710591146492708603e-02,-2.961019307999994687e-01
