0.000000000000000000e+00,2.000000000000000000e+00,2.000000000000000000e+00,0.000000000000000000e+00,0.000000000000000000e+00,-2.000000000000000000e+00,-2.000000000000000000e+00,2.000000000000000111e-01,-2.000000000000000111e-01,0.000000000000000000e+00,0.000000000000000000e+00,-2.000000000000000111e-01,2.000000000000000111e-01
1.000000000000000056e-01,2.019983372038673952e+00,1.979983482524219962e+00,1.197222052126081402e-04,1.189266952565316198e-04,-2.019953442591953863e+00,-1.979953751937455708e+00,1.996668902772380794e-01,-2.003297951541641031e-01,2.398425419558507764e-03,2.374559824340916753e-03,-1.990673281919391191e-01,2.009233917172998929e-01
2.000000000000000111e-01,2.039933268341779460e+00,1.959934152228818949e+00,4.804821873507051115e-04,4.741177518940779519e-04,-2.039813165605149692e+00,-1.959815640040083240e+00,1.993304891418938296e-01,-2.006562525168437694e-01,4.820764227486666609e-03,4.725292951988386420e-03,-1.981256556464247587e-01,2.018372322164490029e-01
3.000000000000000444e-01,2.059849360922708428e+00,1.939852344056544720e+00,1.084674032800598273e-03,1.063192062229136037e-03,-2.059578283259888565e+00,-1.939586632627676499e+00,1.989908196733155554e-01,-2.009793488070397982e-01,7.267072771635890022e-03,7.052229058913755955e-03,-1.971752695047911952e-01,2.027412590114840429e-01
4.000000000000000222e-01,2.079731324098508694e+00,1.919738395280826682e+00,1.934697875894770538e-03,1.883771011871041273e-03,-2.079247938860983247e+00,-1.919267723820138549e+00,1.986479048634121058e-01,-2.012990606933017235e-01,9.737415603775221792e-03,9.355388283661444232e-03,-1.962164642378959878e-01,2.036352186493556315e-01
5.000000000000000000e-01,2.099578834480563927e+00,1.899592645510485900e+00,3.032960701358790832e-03,2.933477510814480431e-03,-2.098821305506997525e+00,-1.898859932615673207e+00,1.983017676049693978e-01,-2.016153648002358689e-01,1.223186511919793946e-02,1.163478092645908041e-02,-1.952495411688917326e-01,2.045188670758993910e-01
6.000000000000000888e-01,2.119391570964061167e+00,1.879415436693853581e+00,4.381877110292779418e-03,4.209934995177076408e-03,-2.118297586750906181e+00,-1.878364301933711289e+00,1.979524306791225208e-01,-2.019282377138071904e-01,1.475050118803585691e-02,1.389040716312138143e-02,-1.942748079792609162e-01,2.053919699749505445e-01
7.000000000000000666e-01,2.139169214716168277e+00,1.859207113122422372e+00,5.983870048927155370e-03,5.710766401095425035e-03,-2.137676017210612844e+00,-1.857781897625318646e+00,1.975999167420524893e-01,-2.022376559853852340e-01,1.729341077966500481e-02,1.612225677442570559e-02,-1.932925782001896353e-01,2.062543030794264376e-01
8.000000000000000444e-01,2.158911449162842278e+00,1.838968021434158606e+00,7.841371499533376227e-03,7.433593112354407520e-03,-2.156955863127956619e+00,-1.837113807453940373e+00,1.972442483109787537e-01,-2.025435961344872748e-01,1.986068758163535980e-02,1.833030889149969353e-02,-1.923031706914224703e-01,2.071056524533730903e-01
9.000000000000000222e-01,2.178617959974205487e+00,1.818698510616604924e+00,9.956823133014217758e-03,9.376033883375840122e-03,-2.176136422875071030e+00,-1.816361140049425948e+00,1.968854477495202149e-01,-2.028460346501768652e-01,2.245243161459122699e-02,2.051453175761784598e-02,-1.913069091097930052e-01,2.079458147441506644e-01
1.000000000000000000e+00,2.198288435048432632e+00,1.798398932009914297e+00,1.233267692284811118e-02,1.153570373921590161e-02,-2.195217027407172949e+00,-1.795525023838358658e+00,1.965235372524989366e-01,-2.031449479910772404e-01,2.506874884466916281e-02,2.267488250665806657e-02,-1.903041213696582690e-01,2.087745974041143038e-01
1.100000000000000089e+00,2.217922564494088089e+00,1.778069639309951544e+00,1.497139572020917894e-02,1.391021285424419267e-02,-2.214197040661086024e+00,-1.774606605953759964e+00,1.961585388302616861e-01,-2.034403125839652493e-01,2.770975079486306600e-02,2.481130695832260008e-02,-1.892951390974797754e-01,2.095918188813299110e-01
1.200000000000000178e+00,2.237520040610878613e+00,1.757710988571609345e+00,1.787545379023330536e-02,1.649716541118929902e-02,-2.233075859899015914e+00,-1.753607051127283656e+00,1.957904742925959396e-01,-2.037321048209129737e-01,3.037555415683286866e-02,2.692373943007920004e-02,-1.882802970827920641e-01,2.103973087790505792e-01
1.300000000000000044e+00,2.257080557868779369e+00,1.737323338212483081e+00,2.104733730954855275e-02,1.929415844219879023e-02,-2.251852915997341942e+00,-1.732527540567029067e+00,1.954193652323168995e-01,-2.040203010549494211e-01,3.306628040461211115e-02,2.901210256563472450e-02,-1.872599327277809922e-01,2.111909079838593939e-01
1.400000000000000133e+00,2.276603812885505729e+00,1.716907049017053932e+00,2.448954482532964688e-02,2.229878065356491468e-02,-2.270527673680383884e+00,-1.711369270824104172e+00,1.950452330086034081e-01,-2.043048775942174766e-01,3.578205541162324949e-02,3.107630717961040734e-02,-1.862343854976570290e-01,2.119724687625645088e-01
1.500000000000000000e+00,2.296089504402306414e+00,1.696462484141534555e+00,2.820458767627753369e-02,2.550861123570515032e-02,-2.289099631699338833e+00,-1.690133452651049417e+00,1.946680987301596666e-01,-2.045858106946057964e-01,3.852300907236093364e-02,3.311625211795286156e-02,-1.852039963739572637e-01,2.127418548281051480e-01
1.600000000000000089e+00,2.315537333258072650e+00,1.675990009119525448e+00,3.219499037605243891e-02,2.892121865995448543e-02,-2.307568322956774498e+00,-1.668821309855208046e+00,1.942879832382809480e-01,-2.048630765508376306e-01,4.128927493003314159e-02,3.513182413348195365e-02,-1.841691073128423339e-01,2.134989413748942522e-01
1.700000000000000178e+00,2.334947002361747348e+00,1.655489991868642985e+00,3.646329095982270285e-02,3.253415946363150818e-02,-2.325933314577292244e+00,-1.647434078150061376e+00,1.939049070898998528e-01,-2.051366512860038349e-01,4.408098981137693884e-02,3.712289777585624923e-02,-1.831300607103752975e-01,2.142436150841821596e-01
1.800000000000000044e+00,2.354318216663044971e+00,1.634962802698271211e+00,4.101204129469868120e-02,3.634497702478461240e-02,-2.344194207925143658e+00,-1.625973004007497558e+00,1.935188905406900473e-01,-2.054065109395294686e-01,4.689829346977602426e-02,3.908933529512248484e-02,-1.820871988766761818e-01,2.149757741001722677e-01
1.900000000000000133e+00,2.373650683121484750e+00,1.614408814318595287e+00,4.584380735493942538e-02,4.035120032794693723e-02,-2.362350638569781669e+00,-1.604439343513899940e+00,1.931299535283033386e-01,-2.056726314535668454e-01,4.974132823770618245e-02,4.103098655790715643e-02,-1.810408635207392813e-01,2.156953279777614751e-01
2.000000000000000000e+00,2.392944110673759006e+00,1.593828401851074439e+00,5.096116946290635275e-02,4.455034272209059537e-02,-2.380402276200490608e+00,-1.582834361232834830e+00,1.927381156558150566e-01,-2.059349886578120403e-01,5.261023868944035564e-02,4.294768897521897971e-02,-1.799913952475907797e-01,2.164021976029015804e-01
2.100000000000000089e+00,2.412198210199459236e+00,1.573221942840512977e+00,5.636672249683859215e-02,4.893990067189900317e-02,-2.398348824491427500e+00,-1.561159329077028257e+00,1.923433961754514310e-01,-2.061935582527436583e-01,5.550517131482453348e-02,4.483926744074304138e-02,-1.789391330693386184e-01,2.170963150866937197e-01
2.200000000000000178e+00,2.431412694485193260e+00,1.552589817268885675e+00,6.206307606658415660e-02,5.351735250333275462e-02,-2.416190020918511649e+00,-1.539415525192191936e+00,1.919458139726713808e-01,-2.064483157912865574e-01,5.842627420482872369e-02,4.670553427843836258e-02,-1.778844139315422235e-01,2.177776236344275418e-01
2.300000000000000266e+00,2.450587278187128071e+00,1.531932407571076515e+00,6.805285465850445525e-02,5.828015714437920214e-02,-2.433925636529778558e+00,-1.517604232855146229e+00,1.915453875506741288e-01,-2.066992366589053276e-01,6.137369674944909842e-02,4.854628919818548827e-02,-1.768275722561902796e-01,2.184460773908679376e-01
2.400000000000000355e+00,2.469721677792010350e+00,1.511250098652682450e+00,7.433869775080501063e-02,6.322575286173398590e-02,-2.451555475670899931e+00,-1.495726739388560933e+00,1.911421350154020316e-01,-2.069462960521347428e-01,6.434758934842280120e-02,5.036131925818322641e-02,-1.757689395024428780e-01,2.191016412631643373e-01
2.500000000000000000e+00,2.488815611576713938e+00,1.490543277910047371e+00,8.092325990059044682e-02,6.835155599395716097e-02,-2.469079375667723841e+00,-1.473784335094431963e+00,1.907360740611056538e-01,-2.071894689555577596e-01,6.734810313509863311e-02,5.215039883275892491e-02,-1.747088437461548627e-01,2.197442907228188136e-01
2.600000000000000089e+00,2.507868799566375984e+00,1.469812335252670410e+00,8.780921080397909029e-02,7.365495968167662388e-02,-2.486497206467732646e+00,-1.451778312208382049e+00,1.903272219565383394e-01,-2.074287301172419717e-01,7.037538971367024443e-02,5.391328958422027945e-02,-1.736476092790532333e-01,2.203740115881997197e-01
2.700000000000000178e+00,2.526880963491185295e+00,1.449057663128152429e+00,9.499923533059746739e-02,7.913333259504053141e-02,-2.503808870242441920e+00,-1.429709963876566681e+00,1.899155955318430622e-01,-2.076640540226491749e-01,7.342960090988077948e-02,5.564974043737367509e-02,-1.725855562283111488e-01,2.209907997891184805e-01
2.800000000000000266e+00,2.545851826741893920e+00,1.428279656549820364e+00,1.024960335338535172e-01,8.478401765884308050e-02,-2.521014300952785003e+00,-1.407580583157048260e+00,1.895012111661953935e-01,-2.078954148670321411e-01,7.651088853515364274e-02,5.735948755530510812e-02,-1.715230001971072560e-01,2.215946611150165502e-01
2.900000000000000355e+00,2.564781114324140798e+00,1.407478713127193748e+00,1.103023206382444665e-01,9.060433077505883337e-02,-2.538113463879644538e+00,-1.385391462046996258e+00,1.890840847762605970e-01,-2.081227865263368948e-01,7.961940416404512944e-02,5.904225431505893268e-02,-1.704602519266507354e-01,2.221856109483103803e-01
3.000000000000000000e+00,2.583668552811655861e+00,1.386655233099429507e+00,1.184208270051050893e-01,9.659155954302021951e-02,-2.555106355121658623e+00,-1.363143890537315217e+00,1.886642318055255230e-01,-2.083461425266270872e-01,8.275529892474006721e-02,6.069775128182001989e-02,-1.693976169799950582e-01,2.227636739844511826e-01
3.100000000000000089e+00,2.602513870298450716e+00,1.365809619371901817e+00,1.268542980780153484e-01,1.027429619767997737e-01,-2.571993001062514050e+00,-1.340839155695818574e+00,1.882416672145601211e-01,-2.085654560120498435e-01,8.591872330226124621e-02,6.232567618026022688e-02,-1.683353954478623016e-01,2.233288839402384485e-01
3.200000000000000178e+00,2.621316796350078970e+00,1.344942277556056220e+00,1.356054943091426213e-01,1.090557652195202620e-01,-2.588773457809922185e+00,-1.318478540780083863e+00,1.878164054722636089e-01,-2.087806997113625940e-01,8.910982695392778707e-02,6.392571386171970460e-02,-1.672738816765635683e-01,2.238812832519065377e-01
3.300000000000000266e+00,2.640077061954072324e+00,1.324053616012677237e+00,1.446771910677848993e-01,1.155271642542830823e-01,-2.605447810608500170e+00,-1.296063324381055537e+00,1.873884605481484222e-01,-2.089918459030397913e-01,9.232875853650893139e-02,6.549753626591936495e-02,-1.662133640179930538e-01,2.244209227644788640e-01
3.400000000000000355e+00,2.658794399469666558e+00,1.303144045898724235e+00,1.540721785320800785e-01,1.221543206106790180e-01,-2.622016173228737035e+00,-1.273594779597921445e+00,1.869578459057118225e-01,-2.091988663789814684e-01,9.557566554446447760e-02,6.704080237598214476e-02,-1.651541246015824638e-01,2.249478614138326893e-01
3.500000000000000000e+00,2.677468542576910249e+00,1.282213981217858123e+00,1.637932615651642165e-01,1.289343610666474349e-01,-2.638478687334260275e+00,-1.251074173245228627e+00,1.865245744969453723e-01,-2.094017324068413732e-01,9.885069415852264230e-02,6.855515816552409936e-02,-1.640964391279762513e-01,2.254621659028899217e-01
3.600000000000000089e+00,2.696099226225292966e+00,1.261263838874807641e+00,1.738432595766087607e-01,1.358643763444674357e-01,-2.654835521829530087e+00,-1.228502765092545079e+00,1.860886587580299345e-01,-2.096004146909964394e-01,1.021539891038285019e-01,7.004023653668019211e-02,-1.630405766841276360e-01,2.259639103732843379e-01
3.700000000000000178e+00,2.714686186582000005e+00,1.240294038733707582e+00,1.842250063700937301e-01,1.429414198000212854e-01,-2.671086872190084449e+00,-1.205881807137097805e+00,1.856501106062620754e-01,-2.097948833321757467e-01,1.054856935167911292e-01,7.149565724795529931e-02,-1.619867995794116722e-01,2.264531760738023314e-01
3.800000000000000266e+00,2.733229160979917527e+00,1.219305003680528410e+00,1.949413499783227977e-01,1.501625061045588072e-01,-2.687232959777489771e+00,-1.183212542909843235e+00,1.852089414382579180e-01,-2.099851077857667614e-01,1.088459488197007635e-01,7.292102683082600512e-02,-1.609353632022799130e-01,2.269300510268418281e-01
3.900000000000000355e+00,2.751727887865537348e+00,1.198297159689758695e+00,2.059951524855087313e-01,1.575246099171161152e-01,-2.703274031140875611e+00,-1.160496206814703557e+00,1.847651621294776891e-01,-2.101710568188193129e-01,1.122348946021594490e-01,7.431593849414470931e-02,-1.598865158969361433e-01,2.273946296940485001e-01
4.000000000000000000e+00,2.770182106746869710e+00,1.177270935895437853e+00,2.173892898384821581e-01,1.650246645470301865e-01,-2.719210357307172643e+00,-1.137734023501407732e+00,1.843187830351148970e-01,-2.103526984657606014e-01,1.156526685082716888e-01,7.567997201535829610e-02,-1.588404988594205036e-01,2.278470126422478814e-01
4.100000000000000533e+00,2.788591558141519045e+00,1.156226764666684170e+00,2.291266516467171943e-01,1.726595606047911791e-01,-2.735042233061899530e+00,-1.114927207271634746e+00,1.838698139923928832e-01,-2.105299999828387503e-01,1.190994061285372413e-01,7.701269361768667276e-02,-1.577975460524658757e-01,2.282873062107009521e-01
4.200000000000000178e+00,2.806955983525067477e+00,1.135165081687851796e+00,2.412101409716136402e-01,1.804261446397312507e-01,-2.750769976222279034e+00,-1.092076961518251066e+00,1.834182643243113253e-01,-2.107029278013087814e-01,1.225752408953259126e-01,7.831365583243807271e-02,-1.567578841384389687e-01,2.287156221806499468e-01
4.299999999999999822e+00,2.825275125279895772e+00,1.114086326043412400e+00,2.536426741056812539e-01,1.883212177634479845e-01,-2.766393926904628042e+00,-1.069184478197573007e+00,1.829641428448838814e-01,-2.108714474793715876e-01,1.260803039807920356e-01,7.958239734566803503e-02,-1.557217324296305827e-01,2.291320774480478661e-01
4.400000000000000355e+00,2.843548726644609559e+00,1.092990940307716485e+00,2.664271803414806628e-01,1.963415342569385658e-01,-2.781914446787565165e+00,-1.046250937334104458e+00,1.825074578659103275e-01,-2.110355236528782819e-01,1.296147241960508012e-01,8.081844282848672789e-02,-1.546893028551539206e-01,2.295367937002962822e-01
4.500000000000000000e+00,2.861776531664229406e+00,1.071879370639752027e+00,2.795666017303619633e-01,2.044838001597711619e-01,-2.797331918372645720e+00,-1.023277506557290328e+00,1.820482172053267678e-01,-2.111951199848095539e-01,1.331786278904039111e-01,8.202130275035966755e-02,-1.536607999436714611e-01,2.299298970977359247e-01
4.600000000000000533e+00,2.879958285141281493e+00,1.050752066882998159e+00,2.930638928313384906e-01,2.127446718400048953e-01,-2.812646744244140518e+00,-1.000265340669986847e+00,1.815864281971747707e-01,-2.113501991135338098e-01,1.367721388494058388e-01,8.319047317475712633e-02,-1.526364208211535012e-01,2.303115179605811358e-01
4.700000000000000178e+00,2.898093732587978533e+00,1.029609482670531317e+00,3.069220204494466087e-01,2.211207545425387666e-01,-2.827859346329223644e+00,-9.772155812478531267e-01,1.811220977032374779e-01,-2.115007225998528084e-01,1.403953781904984099e-01,8.432543553661925317e-02,-1.516163552228729505e-01,2.306817904619089254e-01
4.800000000000000711e+00,2.916182620179657015e+00,1.008452075535484882e+00,3.211439633634526336e-01,2.296086009142493667e-01,-2.842970165160011664e+00,-9.541293562691010033e-01,1.806552321263871219e-01,-2.116466508728357676e-01,1.440484642549554328e-01,8.542565640111179914e-02,-1.506007855188264688e-01,2.310408523272458325e-01
4.900000000000000355e+00,2.934224694709604897e+00,9.872803070269641212e-01,3.357327120429248191e-01,2.382047095044312057e-01,-2.857979659138961459e+00,-9.310077797740737848e-01,1.801858374256882500e-01,-2.117879431744412178e-01,1.477315124948880565e-01,8.649058720316568638e-02,-1.495898867517703457e-01,2.313888445412466133e-01
5.000000000000000000e+00,2.952219703545527096e+00,9.660946428315895229e-01,3.506912683531963615e-01,2.469055232377242726e-01,-2.872888303808455390e+00,-9.078519515536191964e-01,1.797139191333133323e-01,-2.119245575029292672e-01,1.514446353539438961e-01,8.751966396741742149e-02,-1.485838266870769808e-01,2.317259110618752893e-01
5.100000000000000533e+00,2.970167394587778897e+00,9.448955529007472265e-01,3.660226452482365223e-01,2.557074278582531779e-01,-2.887696591126016177e+00,-8.846629568657242704e-01,1.792394823733176323e-01,-2.120564505550574796e-01,1.551879421404326886e-01,8.851230700811327234e-02,-1.475827658736087455e-01,2.320521985424615075e-01
5.200000000000000178e+00,2.988067516229563125e+00,9.236835115836709020e-01,3.817298664505597849e-01,2.646067503428582435e-01,-2.902405028746181337e+00,-8.614418661795664178e-01,1.787625318823275744e-01,-2.121835776670549789e-01,1.589615388915545657e-01,8.946792060861399887e-02,-1.465868577148302654e-01,2.323678560619356626e-01
5.300000000000000711e+00,3.005919817319312681e+00,9.024589977665063989e-01,3.978159661167588457e-01,2.735997572810022205e-01,-2.917014139309872522e+00,-8.381897349460676327e-01,1.782830720322059470e-01,-2.123058927543689800e-01,1.627655282273284820e-01,9.038589268018837330e-02,-1.455962485493876579e-01,2.326730348635013823e-01
5.400000000000000355e+00,3.023724047125439629e+00,8.812224950174620819e-01,4.142839884878777856e-01,2.826826532195374497e-01,-2.931524459742263833e+00,-8.149076033941596853e-01,1.778011068547517004e-01,-2.124233482501723114e-01,1.666000091928910298e-01,9.126559439978067234e-02,-1.446110777404079617e-01,2.329678881019424663e-01
5.500000000000000000e+00,3.041479955303623139e+00,8.599744917381336728e-01,4.311369875239525196e-01,2.918515789706131458e-01,-2.945936540560174510e+00,-7.915964963519509512e-01,1.773166400684938748e-01,-2.125358950426180227e-01,1.704650770878456956e-01,9.210637982644541422e-02,-1.436314777727843162e-01,2.332525705997346155e-01
5.600000000000000533e+00,3.059187291866936054e+00,8.387154813212210902e-01,4.483780265199496795e-01,3.011026098795187567e-01,-2.960250945189300875e+00,-7.682574230917317282e-01,1.768296751076648410e-01,-2.126434824108317245e-01,1.743608232810931746e-01,9.290758549625523222e-02,-1.426575743577413458e-01,2.335272386120619825e-01
5.700000000000000178e+00,3.076845807158955726e+00,8.174459623146828058e-01,4.660101777028151648e-01,3.104317540512590012e-01,-2.974468249292363975e+00,-7.448913771980885112e-01,1.763402151534143036e-01,-2.127460579596227863e-01,1.782873350098498899e-01,9.366852999540395408e-02,-1.416894865439926599e-01,2.337920496008238647e-01
5.800000000000000711e+00,3.094455251830097176e+00,7.961664385924717147e-01,4.840365218077560261e-01,3.198349505334452947e-01,-2.988589040108718287e+00,-7.214993364581649971e-01,1.758482631673455587e-01,-2.128435675528960180e-01,1.822446951613796995e-01,9.438851351129742828e-02,-1.407273268348350481e-01,2.340471620176627077e-01
5.900000000000000355e+00,3.112015376817449663e+00,7.748774195320233815e-01,5.024601476313611537e-01,3.293080674529191842e-01,-3.002613915805848244e+00,-6.980822627731545493e-01,1.753538219274674015e-01,-2.129359552457480709e-01,1.862329820358638865e-01,9.506681736146306572e-02,-1.397712013105377737e-01,2.342927350960175847e-01
6.000000000000000000e+00,3.129525933328336063e+00,7.535794201985984708e-01,5.212841515599822007e-01,3.388469001041521378e-01,-3.016543484843333900e+00,-6.746411020901382782e-01,1.748568940666490878e-01,-2.130231632152262411e-01,1.902522690889370538e-01,9.570270350009317528e-02,-1.388212097554277491e-01,2.345289286521692051e-01
6.100000000000000533e+00,3.146986672827781994e+00,7.322729615365712874e-01,5.405116370720997043e-01,3.484471689876748046e-01,-3.030378365349909675e+00,-6.511767843533894373e-01,1.743574821136646968e-01,-2.131051316897255021e-01,1.943026246524433287e-01,9.629541400203010804e-02,-1.378774457890900862e-01,2.347559028952248827e-01
6.200000000000000178e+00,3.164397347030298846e+00,7.109585705679044576e-01,5.601457142106545106e-01,3.581045177951667213e-01,-3.044119184513632170e+00,-6.276902234742127717e-01,1.738555885369565956e-01,-2.131817988770059458e-01,1.983841116315604169e-01,9.684417052410709825e-02,-1.369399970011261070e-01,2.349738182459524261e-01
6.300000000000000711e+00,3.181757707896170739e+00,6.896367805978792509e-01,5.801894990240181738e-01,3.678145113396783517e-01,-3.057766577985712608e+00,-6.041823173184713847e-01,1.733512157912165674e-01,-2.132531008908051806e-01,2.024967871767842653e-01,9.734817374369453269e-02,-1.360089450889497009e-01,2.351828351643573400e-01
6.400000000000000355e+00,3.199067507632496365e+00,6.683081314282047769e-01,6.006461129734069759e-01,3.775726334288795338e-01,-3.071321189298359400e+00,-5.806539477109269320e-01,1.728443663669000097e-01,-2.133189716760194865e-01,2.066407023291285394e-01,9.780660277431749150e-02,-1.350843659981284528e-01,2.353831139858773847e-01
6.500000000000000000e+00,3.216326498699385361e+00,6.469731695777132252e-01,6.215186823028334695e-01,3.873742846783983507e-01,-3.084783669296677910e+00,-5.571059804555298367e-01,1.723350428428191972e-01,-2.133793429324337410e-01,2.108159016366000227e-01,9.821861455829269949e-02,-1.341663300647918111e-01,2.355748147660445269e-01
6.600000000000000533e+00,3.233534433821592113e+00,6.256324485107679356e-01,6.428103373689527666e-01,3.972147802631615932e-01,-3.098154675584861462e+00,-5.335392653708421751e-01,1.718232479419514458e-01,-2.134341440369757759e-01,2.150224227401567045e-01,9.858334323630760232e-02,-1.332549021596711458e-01,2.357580971334500286e-01
6.700000000000000178e+00,3.250691066005806817e+00,6.042865288734663443e-01,6.645242119289237470e-01,4.070893476050682636e-01,-3.111434871986977768e+00,-5.099546363397330362e-01,1.713089845905936548e-01,-2.134833019644685193e-01,2.192602959274261853e-01,9.889989949384700441e-02,-1.323501418333625224e-01,2.359331201508380327e-01
6.800000000000000711e+00,3.267796148564081182e+00,5.829359787378682878e-01,6.866634423814826915e-01,4.169931239938836076e-01,-3.124624928022281534e+00,-4.863529113725685860e-01,1.707922559810421681e-01,-2.135267412068608261e-01,2.235295436519897372e-01,9.916736988447139023e-02,-1.314521034624114293e-01,2.361000421841368824e-01
6.900000000000000355e+00,3.284849435143789353e+00,5.615813738544311873e-01,7.092311669571442767e-01,4.269211541388280295e-01,-3.137725518395026114e+00,-4.627348926831403864e-01,1.702730656379812524e-01,-2.135643836909205118e-01,2.278301800160499879e-01,9.938481612998127657e-02,-1.305608363958623563e-01,2.362590207792236996e-01
7.000000000000000000e+00,3.301850679764284369e+00,5.402232979126715406e-01,7.322305248562951396e-01,4.368683876497877483e-01,-3.150737322499127746e+00,-4.391013667765025774e-01,1.697514174887219673e-01,-2.135961486943627474e-01,2.321622102147200273e-01,9.955127439740628359e-02,-1.296763851019397396e-01,2.364102125462210491e-01
7.100000000000000533e+00,3.318799636860841673e+00,5.188623428103317226e-01,7.556646553289974033e-01,4.468296764447056146e-01,-3.163661023937403005e+00,-4.154531045480240325e-01,1.692273159375228819e-01,-2.136219527604045487e-01,2.365256299393104222e-01,9.966575455294138242e-02,-1.287987893145391693e-01,2.365537730511041714e-01
7.200000000000000178e+00,3.335696061336309359e+00,4.974991089311984194e-01,7.795366966923155116e-01,4.567997720809603424e-01,-3.176497310055399037e+00,-3.917908613929459438e-01,1.687007659441982221e-01,-2.136417096107338931e-01,2.409204247372544461e-01,9.972723939294035611e-02,-1.279280841792364842e-01,2.366898567143985166e-01
7.300000000000000711e+00,3.352539708620757786e+00,4.761342054316598515e-01,8.038497852822786838e-01,4.667733230090990171e-01,-3.189246871489845425e+00,-3.681153773257000994e-01,1.681717731072163990e-01,-2.136553300568808100e-01,2.453465693263938985e-01,9.973468385206518683e-02,-1.270643003985576225e-01,2.368186167167428136e-01
7.400000000000000355e+00,3.369330334739576660e+00,4.547682505361660965e-01,8.286070543359053131e-01,4.767448717466418184e-01,-3.201910401731657974e+00,-3.444273771083043445e-01,1.676403437515193717e-01,-2.136627219099844488e-01,2.498040268610610404e-01,9.968701418875482168e-02,-1.262074643762545190e-01,2.369402049110896913e-01
7.500000000000000000e+00,3.386067696390899773e+00,4.334018718419293537e-01,8.538116327941158712e-01,4.867088519680106695e-01,-3.214488596703100498e+00,-3.207275703873046502e-01,1.671064850213830055e-01,-2.136637898889731657e-01,2.542927481465218076e-01,9.958312714842254554e-02,-1.253575983603516797e-01,2.370547717413089839e-01
7.600000000000000533e+00,3.402751551032307642e+00,4.120357066327585138e-01,8.794666440263068097e-01,4.966595855108856261e-01,-3.226982154349371523e+00,-2.970166518384709242e-01,1.665702049784930361e-01,-2.136584355271479441e-01,2.588126707998437692e-01,9.942188910451177364e-02,-1.245147205847739330e-01,2.371624661669677059e-01
7.700000000000000178e+00,3.419381656977674488e+00,3.906704022023511635e-01,9.055752044674776347e-01,5.065912792952222965e-01,-3.239391774244211319e+00,-2.732953013187333080e-01,1.660315127055793927e-01,-2.136465570771952094e-01,2.633637183535637583e-01,9.920213517790003876e-02,-1.236788454093574324e-01,2.372634355940520801e-01
7.800000000000000711e+00,3.435957773504770163e+00,3.693066161871950692e-01,9.321404221617051178e-01,5.164980221528275850e-01,-3.251718157209395610e+00,-2.495641840247795062e-01,1.654904184159140812e-01,-2.136280494146550746e-01,2.679457992989274784e-01,9.892266833514953839e-02,-1.228499834580682182e-01,2.373578258114010797e-01
7.900000000000000355e+00,3.452479660974081099e+00,3.479450169091845568e-01,9.591653952071692579e-01,5.263737815658842134e-01,-3.263962004947964513e+00,-2.258239506577318645e-01,1.649469335689783822e-01,-2.136028039398784883e-01,2.725588060655012579e-01,9.858225846616130994e-02,-1.220281417552849940e-01,2.374457809326235569e-01
8.000000000000000000e+00,3.468947080959286833e+00,3.265862837280332220e-01,9.866532100982093878e-01,5.362124003129729033e-01,-3.276124019691062372e+00,-2.020752375933067557e-01,1.644010709926073954e-01,-2.135707084785083698e-01,2.772026139339361928e-01,9.817964144181136332e-02,-1.212133238600101998e-01,2.375274433432724153e-01
8.099999999999999645e+00,3.485359796390663067e+00,3.052311074038427385e-01,1.014606939951338438e+00,5.460075930186607529e-01,-3.288204903857959049e+00,-1.783186670570885424e-01,1.638528450120683988e-01,-2.135316471805649985e-01,2.818770798771842445e-01,9.771351815259930740e-02,-1.204055299978681048e-01,2.376029536530507302e-01
8.200000000000001066e+00,3.501717571711567611e+00,2.838801904697585421e-01,1.043029642613557462e+00,5.557529426067141509e-01,-3.300205359729220689e+00,-1.545548473043013016e-01,1.633022715863733099e-01,-2.134855004181932525e-01,2.865820413270679379e-01,9.718255352910212808e-02,-1.196047571908007562e-01,2.376724506528304637e-01
8.300000000000000711e+00,3.518020173048854726e+00,2.625342476148985749e-01,1.071924358644214648e+00,5.654418966546466141e-01,-3.312126089132751083e+00,-1.307843728036336417e-01,1.627493684522469120e-01,-2.134321446821607626e-01,2.913173148618931618e-01,9.658537554534010749e-02,-1.188109993843620982e-01,2.377360712762675299e-01
8.400000000000000355e+00,3.534267368398253950e+00,2.411940060777322814e-01,1.101294109159870249e+00,5.750677636473793264e-01,-3.323967793142398097e+00,-1.070078244247032601e-01,1.621941552762165006e-01,-2.133714524772219734e-01,2.960826948103550960e-01,9.592057420642013943e-02,-1.180242475725197110e-01,2.377939505657995778e-01
8.500000000000000000e+00,3.550458927825391964e+00,2.198602060499760258e-01,1.131141893535003273e+00,5.846237091289594456e-01,-3.335731171788912430e+00,-8.322576962872127448e-02,1.616366538152572974e-01,-2.133032922164751211e-01,3.008779517673279003e-01,9.518670052193096975e-02,-1.172444899199005935e-01,2.378462216428203491e-01
8.599999999999999645e+00,3.566594623683031262e+00,1.985336010910244697e-01,1.161470686952754683e+00,5.941027517516431766e-01,-3.347416923783057996e+00,-5.943876266188875823e-02,1.610768880864230368e-01,-2.132275281148448554e-01,3.057028310171979180e-01,9.438226546662199790e-02,-1.164717118814279362e-01,2.378930156818265806e-01
8.700000000000001066e+00,3.582674230846063512e+00,1.772149585531532234e-01,1.192283437789869671e+00,6.034977592196981711e-01,-3.359025746250491551e+00,-3.564734475123371160e-02,1.605148845460598050e-01,-2.131440200818863484e-01,3.105570508586846801e-01,9.350573893052327445e-02,-1.157058963192823808e-01,2.379344618883403595e-01
8.800000000000000711e+00,3.598697526964894422e+00,1.559050600174527457e-01,1.223583064829278921e+00,6.128014441279479030e-01,-3.370558334478209961e+00,-1.185204430247777108e-02,1.599506722790873525e-01,-2.130526236141073171e-01,3.154403008262866015e-01,9.255554866065868191e-02,-1.149470236171598325e-01,2.379706874804144723e-01
8.900000000000000355e+00,3.614664292738069662e+00,1.346047017404988777e-01,1.255372454291642015e+00,6.220063596945547557e-01,-3.382015381672323517e+00,1.194662290045474251e-02,1.593842831988735720e-01,-2.129531896870255070e-01,3.203522398030622664e-01,9.153007919672193071e-02,-1.141950717917977337e-01,2.380018176735330393e-01
9.000000000000000000e+00,3.630574312205658405e+00,1.133146951118678136e-01,1.287654456670237035e+00,6.311048953867702815e-01,-3.393397578726808916e+00,3.574815349455028046e-02,1.588157522583611703e-01,-2.128455646472458274e-01,3.252924940181257107e-01,9.042767080373126376e-02,-1.134500166017372996e-01,2.380279756687268822e-01
9.099999999999999645e+00,3.646427373064344390e+00,9.203586712241983159e-02,1.320431883359571179e+00,6.400892724400165656e-01,-3.404705614003003866e+00,5.955205633578439239e-02,1.582451176730318709e-01,-2.127295901048574245e-01,3.302606549229949451e-01,8.924661840484669761e-02,-1.127118316533134712e-01,2.380492826437275444e-01
9.200000000000001066e+00,3.662223267005088267e+00,7.076906084326824165e-02,1.353707503068729112e+00,6.489515392708199437e-01,-3.415940173119598633e+00,8.335785229649438077e-02,1.576724211562998690e-01,-2.126051028264732135e-01,3.352562769408724552e-01,8.798517051774300268e-02,-1.119804885038708786e-01,2.380658577469889903e-01
9.300000000000000711e+00,3.677961790075451987e+00,4.951513591546946591e-02,1.387484037998249820e+00,6.576835667830571719e-01,-3.427101938752758148e+00,1.071650740622460962e-01,1.570977081681412535e-01,-2.124719346293380551e-01,3.402788750807760332e-01,8.664152819896576985e-02,-1.112559567621884821e-01,2.380778180944148059e-01
9.400000000000000355e+00,3.693642743067219403e+00,2.827496905018123119e-02,1.421764159773990288e+00,6.662770435696597771e-01,-3.438191590446173951e+00,1.309732659285269274e-01,1.565210281775566981e-01,-2.123299122769186364e-01,3.453279224105669232e-01,8.521384400055601049e-02,-1.105382041861337067e-01,2.380852787686301986e-01
9.500000000000000000e+00,3.709265931930954885e+00,7.049454539178087731e-03,1.456550485121211214e+00,6.747234710107328226e-01,-3.449209804430749760e+00,1.547819835974856839e-01,1.559424349396410225e-01,-2.121788573764725738e-01,3.504028473811410804e-01,8.370022094407915392e-02,-1.098271967775512059e-01,2.380883528206466648e-01
9.600000000000001421e+00,3.724831168219230992e+00,-1.416049522450127385e-02,1.491845571261323444e+00,6.830141582700672842e-01,-3.460157253453616910e+00,1.785907939749420970e-01,1.553619867880715044e-01,-2.120185862791650888e-01,3.555030309936836330e-01,8.209871151787771770e-02,-1.091228988743987161e-01,2.380871512737730289e-01
9.700000000000001066e+00,3.740338269559697171e+00,-3.535394921608789320e-02,1.527651911019289210e+00,6.911402171929734717e-01,-3.471034606616245188e+00,2.023992749679024150e-01,1.547797469437507678e-01,-2.118489099833381073e-01,3.606278038026501931e-01,8.040731670375103612e-02,-1.084252732401577435e-01,2.380817831296300202e-01
9.800000000000000711e+00,3.755787060159866630e+00,-5.652995723912065951e-02,1.563971927622705760e+00,6.990925571084235512e-01,-3.481842529221359950e+00,2.262070152827817260e-01,1.541957838404699743e-01,-2.116696340416243660e-01,3.657764427458395917e-01,7.862398504011047784e-02,-1.077342811505393322e-01,2.380723553761332489e-01
9.900000000000000355e+00,3.771177371345596718e+00,-7.768754937641400571e-02,1.600807969172420631e+00,7.068618795396418575e-01,-3.492581682628374651e+00,2.500136142244986370e-01,1.536101714685001729e-01,-2.114805584727030008e-01,3.709481677925093868e-01,7.674661172971505851e-02,-1.070498824775111130e-01,2.380589729973149604e-01
1.000000000000000000e+01,3.786509042134575065e+00,-9.882573543247907821e-02,1.638162302771378087e+00,7.144386728281350019e-01,-3.503252724117117189e+00,2.738186814966562244e-01,1.530229897369125569e-01,-2.112814776785195969e-01,3.761421384015596892e-01,7.477303780033806024e-02,-1.063720357706852138e-01,2.380417389848580034e-01
1.010000000000000142e+01,3.801781919847207369e+00,-1.199435043679752955e-01,1.676037108287487865e+00,7.218132066768012667e-01,-3.513856306759550296e+00,2.976218370029478644e-01,1.524343248556270236e-01,-2.110721803679513897e-01,3.813574497798253304e-01,7.270104932829013489e-02,-1.057006983360955638e-01,2.380207543512237178e-01
1.020000000000000107e+01,3.816995860756580594e+00,-1.410398237268923050e-01,1.714434471733456533e+00,7.289755266189652527e-01,-3.524393079299247944e+00,3.214227106499553122e-01,1.518442697380731621e-01,-2.108524494879544797e-01,3.865931289316759667e-01,7.052837673528614126e-02,-1.050358263124074459e-01,2.379961181442588336e-01
1.030000000000000071e+01,3.832150730779911196e+00,-1.621136390572732733e-01,1.753356378239261604e+00,7.359154484212572234e-01,-3.534863686038363095e+00,3.452209421514747523e-01,1.512529244254804950e-01,-2.106220621633762280e-01,3.918481304897911688e-01,6.825269417059014188e-02,-1.043773747445958661e-01,2.379679274631722741e-01
1.040000000000000036e+01,3.847246406213432834e+00,-1.831638733264008001e-01,1.792804704597522170e+00,7.426225524295034797e-01,-3.545268766731838550e+00,3.690161808345050476e-01,1.506603965337348916e-01,-2.103807896467085048e-01,3.971213323177908427e-01,6.587161899130739018e-02,-1.037252976551395200e-01,2.379362774757777244e-01
1.050000000000000000e+01,3.862282774513225547e+00,-2.041894263315185976e-01,1.832781211356369289e+00,7.490861778681673355e-01,-3.555608956488613526e+00,3.928080854470183958e-01,1.500668017238361573e-01,-2.101283972792135912e-01,4.024115308744108388e-01,6.338271135523380895e-02,-1.030795481127722707e-01,2.379012614369022394e-01
1.060000000000000142e+01,3.877259735124238382e+00,-2.251891741072973574e-01,1.873287534437217960e+00,7.552954171053423149e-01,-3.565884885679588834e+00,4.165963239676283569e-01,1.494722641969289112e-01,-2.098646444649811260e-01,4.077174363295520410e-01,6.078347394194474201e-02,-1.024400782988409420e-01,2.378629707078665223e-01
1.070000000000000107e+01,3.892177200360109168e+00,-2.461619683314179297e-01,1.914325176251028937e+00,7.612391098969235603e-01,-3.576097179852107733e+00,4.403805734172530628e-01,1.488769172149331521e-01,-2.095892846596360271e-01,4.130376674219849442e-01,5.807135181941392582e-02,-1.018068395713163377e-01,2.378214947769465015e-01
1.080000000000000071e+01,3.907035096336408220e+00,-2.671066357298475524e-01,1.955895496286656821e+00,7.669058376255997178e-01,-3.586246459650722418e+00,4.641605196728737504e-01,1.482809036477792386e-01,-2.093020653755928162e-01,4.183707460487145480e-01,5.524373247519705904e-02,-1.011797825265068895e-01,2.377769212807312460e-01
1.090000000000000036e+01,3.921833363959936758e+00,-2.880219774835454660e-01,1.997999701144667295e+00,7.722839175519875532e-01,-3.596333340744019669e+00,4.879358572834660013e-01,1.476843765482200588e-01,-2.090027282059151725e-01,4.237150915763257530e-01,5.229794603285684018e-02,-1.005588570585262825e-01,2.377293360262951460e-01
1.100000000000000000e+01,3.936571959976920443e+00,-3.089067686385794098e-01,2.040638833988091427e+00,7.773613970976048781e-01,-3.606358433757283155e+00,5.117062892881888425e-01,1.470874997551853136e-01,-2.086910088690487886e-01,4.290690148647129942e-01,4.923126567638031609e-02,-9.994401241656608592e-02,2.376788230141078095e-01
1.110000000000000142e+01,3.951250858083036110e+00,-3.297597575218639832e-01,2.083813763380431006e+00,7.821260481817384758e-01,-3.616322344210776141e+00,5.354715270368984870e-01,1.464904485266110279e-01,-2.083666372769012176e-01,4.344307119939149753e-01,4.604090830740360102e-02,-9.933519726002529304e-02,2.376254644616087874e-01
1.120000000000000107e+01,3.965870050098200927e+00,-3.505796651649809581e-01,2.127525171481438715e+00,7.865653616367606071e-01,-3.626225672463430083e+00,5.592312900130468334e-01,1.458934102026026580e-01,-2.080293376289625018e-01,4.397982576855237746e-01,4.272403546224766424e-02,-9.873235971155014390e-02,2.375693408273773788e-01
1.130000000000000071e+01,3.980429547209262342e+00,-3.713651847388447225e-01,2.171773541569128607e+00,7.906665417294167497e-01,-3.636069013661736626e+00,5.829853056590289517e-01,1.452965848997471998e-01,-2.076788285354077834e-01,4.451695984105650816e-01,3.927775451824473685e-02,-9.813544740803707700e-02,2.375105308358331502e-01
1.140000000000000036e+01,3.994929381283657044e+00,-3.921149810022441784e-01,2.216559144857084718e+00,7.944165008184206345e-01,-3.645852957693640928e+00,6.067333092040210207e-01,1.447001862372707670e-01,-2.073148231723681290e-01,4.505425451769452527e-01,3.569912022127681717e-02,-9.754440754965275351e-02,2.374491115024045806e-01
1.150000000000000000e+01,4.009369606257357610e+00,-4.128276897676774748e-01,2.261882026573678761e+00,7.978018541824185572e-01,-3.655578089147238252e+00,6.304750434943557913e-01,1.441044420956686944e-01,-2.069370294728430371e-01,4.559147659902377248e-01,3.198513656932203825e-02,-9.695918694692456929e-02,2.373851581591084892e-01
1.160000000000000142e+01,4.023750299600293623e+00,-4.335019173882077581e-01,2.307741991271170523e+00,8.008089150555968150e-01,-3.665244987274085542e+00,6.542102588264776530e-01,1.435095954082603320e-01,-2.065451503570010783e-01,4.612837779833525720e-01,2.813275908952603960e-02,-9.637973206595598641e-02,2.373187444804848445e-01
1.170000000000000107e+01,4.038071563862590807e+00,-4.541362402694856248e-01,2.354138587331059629e+00,8.034236899123523568e-01,-3.674854225956945442e+00,6.779387127825018400e-01,1.429159049859800856e-01,-2.061388840059290295e-01,4.666469392120195514e-01,2.413889754945460972e-02,-9.580598907182032165e-02,2.372499425098357761e-01
1.180000000000000071e+01,4.052333528304968624e+00,-4.747292044115054011e-01,2.401071090632108884e+00,8.056318740466363870e-01,-3.684406373681776703e+00,7.016601700684158560e-01,1.423236463755185588e-01,-2.057179241832084726e-01,4.720014401150015027e-01,2.000041914636473822e-02,-9.523790387018694903e-02,2.371788226857202697e-01
1.190000000000000036e+01,4.066536350616607010e+00,-4.952793249850999668e-01,2.448538487347756032e+00,8.074188474960606321e-01,-3.693901993513806215e+00,7.253744023549376641e-01,1.417331127506883670e-01,-2.052819606090315607e-01,4.773442946403498865e-01,1.571415222165665690e-02,-9.467542214723352612e-02,2.371054538686590829e-01
1.200000000000000000e+01,4.080680218723793828e+00,-5.157850859486861061e-01,2.496539455839582811e+00,8.087696713658050207e-01,-3.703341643077504575e+00,7.490811881210547307e-01,1.411446158366221892e-01,-2.048306793919184299e-01,4.826723310416759505e-01,1.127689055117738447e-02,-9.411848940789793727e-02,2.370299033680071110e-01
1.210000000000000142e+01,4.094765352692614435e+00,-5.362449397112859506e-01,2.545072347614183883e+00,8.096690846126007868e-01,-3.712725874540306226e+00,7.727803125002560281e-01,1.405584868660914588e-01,-2.043637635234603067e-01,4.879821823516081736e-01,6.685398265649468083e-03,-9.356705101252271728e-02,2.369522369689537056e-01
1.220000000000000107e+01,4.108792006728824830e+00,-5.566573068484126363e-01,2.594135167311699242e+00,8.101015013546546406e-01,-3.722055234599919604e+00,7.964715671294693156e-01,1.399750775668628100e-01,-2.038808934418812890e-01,4.932702765433170100e-01,1.936415459199865990e-03,-9.302105221194519047e-02,2.368725189596130598e-01
1.230000000000000071e+01,4.122760471277959304e+00,-5.770205758780108107e-01,2.643725551695494058e+00,8.100510087793960645e-01,-3.731330264475067438e+00,8.201547500007114744e-01,1.393947611785871510e-01,-2.033817476705921667e-01,4.985328263952140126e-01,-2.973335452248832261e-03,-9.248043818108538094e-02,2.367908121581705494e-01
1.240000000000000036e+01,4.136671075228524508e+00,-5.973331031042721229e-01,2.693840747614292486e+00,8.095013657272669416e-01,-3.740551499899512855e+00,8.438296653154535587e-01,1.388179334972242385e-01,-2.028660035382891247e-01,5.037658190788415480e-01,-8.047142557160335413e-03,-9.194515405108388828e-02,2.367071779400517773e-01
1.250000000000000000e+01,4.150524188220896527e+00,-6.175932125378246207e-01,2.744477588910287036e+00,8.084360020365434218e-01,-3.749719471119230985e+00,8.674961233417027850e-01,1.382450139444527382e-01,-2.023333379875316140e-01,5.089650054955137115e-01,-1.328829638976855750e-02,-9.141514494004110425e-02,2.366216762650847627e-01
1.260000000000000142e+01,4.164320223064295057e+00,-6.377991959015089085e-01,2.795632472249665046e+00,8.068380187412855786e-01,-3.758834702892585256e+00,8.911539402738003490e-01,1.376764466588803193e-01,-2.017834284791058808e-01,5.141258893936053731e-01,-1.870008091356765989e-02,-9.089035598240868818e-02,2.365343657046264647e-01
1.270000000000000107e+01,4.178059638263793119e+00,-6.579493127316946577e-01,2.847301331855472295e+00,8.046901892220181818e-01,-3.767897714493377403e+00,9.148029380949262990e-01,1.371127016051570391e-01,-2.012159539998412405e-01,5.192437163055132476e-01,-2.428576347021554199e-02,-9.037073235708378838e-02,2.364453034686280486e-01
1.280000000000000071e+01,4.191742940658956584e+00,-6.780417905858883154e-01,2.899479613127102784e+00,8.019749614165690987e-01,-3.776909019716644167e+00,9.384429444423114663e-01,1.365542756962906112e-01,-2.006305961818825867e-01,5.243134623513494574e-01,-3.004858361378842310e-02,-8.985621931425565034e-02,2.363545454326143602e-01
1.290000000000000036e+01,4.205370688175134042e+00,-6.980748253681807736e-01,2.952162245135768970e+00,7.986744612066695170e-01,-3.785869126887080771e+00,9.620737924751372461e-01,1.360016939235653144e-01,-2.000270405417292896e-01,5.293298229654008757e-01,-3.599174074726185779e-02,-8.934676220105391975e-02,2.362621461645549037e-01
1.300000000000000000e+01,4.218943492687851737e+00,-7.180465817849476240e-01,3.005343611991478259e+00,7.947704971043557665e-01,-3.794778538869966855e+00,9.856953207451194521e-01,1.354555104874643201e-01,-1.994049778476128798e-01,5.342872016114039724e-01,-4.211838047547682845e-02,-8.884230648604718450e-02,2.361681589516057833e-01
1.310000000000000142e+01,4.232462023000039153e+00,-7.379551939440665009e-01,3.059017523084131884e+00,7.902445663709035673e-01,-3.803637753084490924e+00,1.009307373069757707e+00,1.349163099218886330e-01,-1.987641056239921877e-01,5.391796985637532513e-01,-4.843157958678111219e-02,-8.834279778263939842e-02,2.360726358267029867e-01
1.320000000000000107e+01,4.245927007930967001e+00,-7.577987661118111840e-01,3.113177182209720062e+00,7.850778627098742302e-01,-3.812447261519357866e+00,1.032909798408235158e+00,1.343847082027399276e-01,-1.981041298020782548e-01,5.440010998440124590e-01,-5.493432957420674861e-02,-8.784818187141174572e-02,2.359756275949891624e-01
1.330000000000000071e+01,4.259339239514847719e+00,-7.775753736424757534e-01,3.167815155602139665e+00,7.792512856848007319e-01,-3.821207550750583160e+00,1.056502450739954302e+00,1.338613538305985784e-01,-1.974247665253464623e-01,5.487448664154701561e-01,-6.162951860659292985e-02,-8.735840472145588176e-02,2.358771838600573767e-01
1.340000000000000036e+01,4.272699576305917901e+00,-7.972830640966662719e-01,3.222923338902230039e+00,7.727454520209751099e-01,-3.829919101961369865e+00,1.080085188945686170e+00,1.333469288757591631e-01,-1.967257441189267098e-01,5.534041237531532875e-01,-6.851991186072908802e-02,-8.687341251074483239e-02,2.357773530499961689e-01
1.350000000000000000e+01,4.286008946785599960e+00,-8.169198585650917499e-01,3.278492923108014434e+00,7.655407089596045767e-01,-3.838582390963976021e+00,1.103657876691311879e+00,1.328421499723084764e-01,-1.960068052315650233e-01,5.579716519225010884e-01,-7.560813012757178209e-02,-8.639315164558589166e-02,2.356761824432217212e-01
1.360000000000000142e+01,4.299268352865904141e+00,-8.364837532155282585e-01,3.334514359564486163e+00,7.576171498411402583e-01,-3.847197888223485407e+00,1.127220382314139346e+00,1.323477692462158017e-01,-1.952677091584938684e-01,5.624398763170421756e-01,-8.289662660914527692e-02,-8.591756877920007918e-02,2.355737181940838476e-01
1.370000000000000107e+01,4.312478873481641273e+00,-8.559727210814421783e-01,3.390977324067016241e+00,7.489546321026528952e-01,-3.855766058883391967e+00,1.150772578711764638e+00,1.318645751605856953e-01,-1.945082343530055158e-01,5.668008592236142285e-01,-9.038766182817808970e-02,-8.544661082947115072e-02,2.354700053582328978e-01
1.380000000000000071e+01,4.325641668262254491e+00,-8.753847141115044250e-01,3.447870680170408875e+00,7.395327978815786629e-01,-3.864287362792921066e+00,1.174314343233462843e+00,1.313933932592870890e-01,-1.937281811337657755e-01,5.710462924030357268e-01,-9.808327658007888472e-02,-8.498022499590657253e-02,2.353650879177363320e-01
1.390000000000000036e+01,4.338757981272061137e+00,-8.947176654998797440e-01,3.505182441815436700e+00,7.293310974247223522e-01,-3.872762254536008530e+00,1.197845557574072739e+00,1.309350867881309277e-01,-1.929273745938947515e-01,5.751674908945426656e-01,-1.059852628669863406e-01,-8.451835877585189838e-02,2.352590088059333395e-01
1.400000000000000000e+01,4.351829144805552829e+00,-9.139694923177117403e-01,3.562899735406380053e+00,7.183288155067593106e-01,-3.881191183461866867e+00,1.221366107670356360e+00,1.304905571706657941e-01,-1.921056677165488280e-01,5.791553882733411207e-01,-1.140951327665293696e-01,-8.406095997999896152e-02,2.351518099320172861e-01
1.410000000000000142e+01,4.364856583221962794e+00,-9.331380984666353129e-01,3.621008761497480410e+00,7.065051010665467368e-01,-3.889574593717064044e+00,1.244875883599801725e+00,1.300607443134680352e-01,-1.912629447001238936e-01,5.830005336125470006e-01,-1.224140852040965927e-01,-8.360797674722721118e-02,2.350435322053353315e-01
1.420000000000000107e+01,4.377841816800710717e+00,-9.522213779753408991e-01,3.679494756271992628e+00,6.938390002715656424e-01,-3.897912924279061997e+00,1.268374779481839632e+00,1.296466267136149320e-01,-1.903991244942155603e-01,5.866930904226672627e-01,-1.309429706172404173e-01,-8.315935755881638525e-02,2.349342155593957815e-01
1.430000000000000071e+01,4.390786465596491439e+00,-9.712172186602339163e-01,3.738341953026268261e+00,6.803094932208860746e-01,-3.906206608991139362e+00,1.291862693381449878e+00,1.292492213388288236e-01,-1.895141645451056123e-01,5.902228378637797146e-01,-1.396822535245172969e-01,-8.271505125206751741e-02,2.348238989755732087e-01
1.440000000000000036e+01,4.403692253269674950e+00,-9.901235061709697804e-01,3.797533543901941311e+00,6.658955344945763910e-01,-3.914456076598652690e+00,1.315339527215118709e+00,1.288695832486319859e-01,-1.886080647467210103e-01,5.935791745470482272e-01,-1.486319730392918759e-01,-8.227500703336793064e-02,2.347126205065016014e-01
1.450000000000000000e+01,4.416561010864516135e+00,-1.008938128441055015e+00,3.857051642141458903e+00,6.505760977514268850e-01,-3.922661750786577528e+00,1.338805186659121516e+00,1.285088049228557128e-01,-1.876808715897223812e-01,5.967511252621776618e-01,-1.577917014019225850e-01,-8.183917449073438433e-02,2.346004172991462688e-01
1.460000000000000142e+01,4.429394680504073811e+00,-1.027658980562828894e+00,3.916877245177583067e+00,6.343302245681892160e-01,-3.930824050218275190e+00,1.362259581060096147e+00,1.281680152619759649e-01,-1.867326824975974464e-01,5.997273509861079654e-01,-1.671605006415697314e-01,-8.140750360586730683e-02,2.344873256175439846e-01
1.470000000000000107e+01,4.442195318967233852e+00,-1.046283970104776806e+00,3.976990198903147089e+00,6.171370776998919006e-01,-3.938943388575446569e+00,1.385702623347870865e+00,1.278483782221893350e-01,-1.857636503342839085e-01,6.024961625438535195e-01,-1.767368775223635557e-01,-8.097994476574676970e-02,2.343733808652023187e-01
1.480000000000000071e+01,4.454965101109401360e+00,-1.064811022887339753e+00,4.037369163505245773e+00,5.989759989228741199e-01,-3.947020174599221942e+00,1.409134229950520067e+00,1.275510910469202230e-01,-1.847739880629893361e-01,6.050455383045975077e-01,-1.865187369772537407e-01,-8.055644877379972146e-02,2.342586176071468906e-01
1.490000000000000036e+01,4.467706323084483344e+00,-1.083238089231157275e+00,4.097991581287552698e+00,5.798265715999685321e-01,-3.955054812132347219e+00,1.432554320711600937e+00,1.272773820556559743e-01,-1.837639735304435751e-01,6.073631463041058165e-01,-1.965033342871708444e-01,-8.013696686066550112e-02,2.341430695916063565e-01
1.500000000000000000e+01,4.480421405322037920e+00,-1.101563150688669168e+00,4.158833646942082574e+00,5.596686880771453154e-01,-3.963047700162426246e+00,1.455962818809543702e+00,1.270285079508608472e-01,-1.827339543447984993e-01,6.094363711859764887e-01,-2.066872263233387463e-01,-7.972145069458479172e-02,2.340267697713234174e-01
1.510000000000000142e+01,4.493112895209405266e+00,-1.119784227266618526e+00,4.219870280772178184e+00,5.384826219870294528e-01,-3.970999232866187167e+00,1.479359650679151761e+00,1.268057506041891380e-01,-1.816843528089281679e-01,6.112523463495436182e-01,-2.170662222351991133e-01,-7.930985239143487076e-02,2.339097503244803866e-01
1.520000000000000107e+01,4.505783469424774701e+00,-1.137899385142865372e+00,4.281075105407024850e+00,5.162491054934738033e-01,-3.978909799654732904e+00,1.502744745935175041e+00,1.266104132845497499e-01,-1.806156708638843034e-01,6.127979916789338954e-01,-2.276353340363840017e-01,-7.890212452443114144e-02,2.337920426752266578e-01
1.530000000000000071e+01,4.518435935863781339e+00,-1.155906744875810688e+00,4.342420426581973025e+00,4.929494114601838395e-01,-3.986779785219747296e+00,1.526118037297917729e+00,1.264438162929513998e-01,-1.795284949898228455e-01,6.140600572039990324e-01,-2.383887276155666479e-01,-7.849822013351281935e-02,2.336736775137948363e-01
1.540000000000000036e+01,4.531073235098533658e+00,-1.173804490099338071e+00,4.403877218595327214e+00,4.685654404725432265e-01,-3.994609569580624520e+00,1.549479460520833518e+00,1.263072919724208820e-01,-1.784235010041117231e-01,6.150251730102186398e-01,-2.493196747750749120e-01,-7.809809273442719357e-02,2.335546848161918210e-01
1.550000000000000000e+01,4.543698441305216384e+00,-1.191590876689651024e+00,4.465415115080368480e+00,4.430798125764390805e-01,-4.002399528132490225e+00,1.572828954320069306e+00,1.262021790660198262e-01,-1.773014586883992216e-01,6.156799056673262216e-01,-2.604205069794584548e-01,-7.770169632752411959e-02,2.334350938634503492e-01
1.560000000000000142e+01,4.556314762594078083e+00,-1.209264242383055743e+00,4.527002405754353198e+00,4.164759635246409464e-01,-4.010150031695093098e+00,1.596166460305912027e+00,1.261298164020905055e-01,-1.761632361685736281e-01,6.160108213853640047e-01,-2.716825715746896130e-01,-7.730898540626894577e-02,2.333149332604255166e-01
1.570000000000000107e+01,4.568925540673621555e+00,-1.226823016815999701e+00,4.588606039826351513e+00,3.887382452439023250e-01,-4.017861446562527306e+00,1.619491922916089566e+00,1.260915358934081021e-01,-1.750098039639690073e-01,6.160045560313979207e-01,-2.830961913144308673e-01,-7.691991496547870288e-02,2.331942309541206737e-01
1.580000000000000071e+01,4.581534249780244039e+00,-1.244265731949702580e+00,4.650191636751369373e+00,3.598520301461359261e-01,-4.025534134553767629e+00,1.642805289350884657e+00,1.260886548461803980e-01,-1.738422386148711640e-01,6.156478920474789396e-01,-2.946506281028147822e-01,-7.653444050928250031e-02,2.330730142515260728e-01
1.590000000000000036e+01,4.594144494804571544e+00,-1.261591032832369841e+00,4.711723505018317937e+00,3.298038188136920290e-01,-4.033168453063991521e+00,1.666106509510001832e+00,1.261224675856618127e-01,-1.726617257910233738e-01,6.149278422021858814e-01,-3.063340519267201967e-01,-7.615251805880371427e-02,2.329513098369533630e-01
1.600000000000000000e+01,4.606760008546720186e+00,-1.278797688642192565e+00,4.773164669649488268e+00,2.985813504907780525e-01,-4.040764755116645901e+00,1.689395535931145886e+00,1.261942364176547593e-01,-1.714695627785283727e-01,6.138317399830098831e-01,-3.181335160035657084e-01,-7.577410415955695977e-02,2.328291437888488358e-01
1.610000000000000142e+01,4.619384648036060526e+00,-1.295884603943372015e+00,4.834476909055688054e+00,2.661737157034601564e-01,-4.048323389416245810e+00,1.712672323730253465e+00,1.263051819594410152e-01,-1.702671602383712124e-01,6.123473362941400655e-01,-3.300349392123561043e-01,-7.539915588854957662e-02,2.327065415960677119e-01
1.619999999999999929e+01,4.632022389854485667e+00,-1.312850830077084030e+00,4.895620801857054616e+00,2.325714702275159529e-01,-4.055844700401867620e+00,1.735936830543323373e+00,1.264564728892559053e-01,-1.690560431278939069e-01,6.104629019685139379e-01,-3.420230968946535444e-01,-7.502763086107254453e-02,2.325835281735921800e-01
1.630000000000000071e+01,4.644677324408035268e+00,-1.329695576598323381e+00,4.956555784220991967e+00,1.977667495134363407e-01,-4.063329028301300383e+00,1.759189016469794975e+00,1.266492151804795574e-01,-1.678378506765233757e-01,6.081673354323671177e-01,-3.540816211124430679e-01,-7.465948723716232804e-02,2.324601278776765312e-01
1.640000000000000213e+01,4.657353649099910342e+00,-1.346418222658405162e+00,5.017240218186770129e+00,1.617533825666428726e-01,-4.070776709185831344e+00,1.782428844017403202e+00,1.268844409048770772e-01,-1.666143353094645674e-01,6.054502746789404144e-01,-3.661930114257564428e-01,-7.429468372771083629e-02,2.323363645204019057e-01
1.650000000000000000e+01,4.670055660366247530e+00,-1.363018328223151387e+00,5.077631471363183380e+00,1.245270041830462276e-01,-4.078188075025616754e+00,1.805656278048466179e+00,1.271630967078541674e-01,-1.653873604189297630e-01,6.023022125216557221e-01,-3.783386571943285759e-01,-7.393317960019690771e-02,2.322122613836260507e-01
1.660000000000000142e+01,4.682787744548106090e+00,-1.379495645006656224e+00,5.137686008264598314e+00,8.608516433902012321e-02,-4.085563453745618467e+00,1.828871285727537321e+00,1.274860320778380962e-01,-1.641588968909490354e-01,5.987146139056285232e-01,-3.904988723228227654e-01,-7.357493468400914949e-02,2.320878412323129913e-01
1.669999999999999929e+01,4.695554367585996758e+00,-1.395850126992091100e+00,5.197359493422107235e+00,4.642743345056058596e-02,-4.092903169282034348e+00,1.852073836470349733e+00,1.278539875505267931e-01,-1.629310183081774388e-01,5.946800338700594102e-01,-4.026529432454554192e-01,-7.321990937532690813e-02,2.319631263272297350e-01
1.680000000000000071e+01,4.708360063537821993e+00,-1.412081940403980385e+00,5.256606906261025891e+00,5.555502145787330481e-03,-4.100207541639207420e+00,1.875263901894012264e+00,1.282675830064513856e-01,-1.617058947651351941e-01,5.901922345770094225e-01,-4.147791907856481775e-01,-7.286806464152276175e-02,2.318381384369998799e-01
1.690000000000000213e+01,4.721209421938807438e+00,-1.428191472990546940e+00,5.315382667558900209e+00,-3.652672586290130891e-02,-4.107476886946940908e+00,1.898441455768363761e+00,1.287273062364937826e-01,-1.604857852515628180e-01,5.852462996601109912e-01,-4.268550463338767753e-01,-7.251936202504825901e-02,2.317128988495047170e-01
1.700000000000000000e+01,4.734107074038906404e+00,-1.444179342471932914e+00,5.373640777129150337e+00,-7.981304924911974963e-02,-4.114711517518177430e+00,1.921606473968444639e+00,1.292335019634837934e-01,-1.592730285831656101e-01,5.798387440119248115e-01,-4.388571425509710799e-01,-7.217376364676209022e-02,2.315874283826268587e-01
1.710000000000000142e+01,4.747057677973532286e+00,-1.460046404008925158e+00,5.431334962171700198e+00,-1.242948943387637284e-01,-4.121911741906984616e+00,1.944758934428008734e+00,1.297863615185753106e-01,-1.580700328851698255e-01,5.739676170229068841e-01,-4.507614185426355169e-01,-7.183123220865940406e-02,2.314617473943336445e-01
1.719999999999999929e+01,4.760065902943199312e+00,-1.475793756549010904e+00,5.488418835534813134e+00,-1.699612516038977450e-01,-4.129077864966773426e+00,1.967898817094003716e+00,1.303859133774965540e-01,-1.568792636636823778e-01,5.676325972209955717e-01,-4.625432391552780076e-01,-7.149173099596047021e-02,2.313358757921016029e-01
1.730000000000000071e+01,4.773136412498315551e+00,-1.491422747911618218e+00,5.544846062925588903e+00,-2.167986247657931465e-01,-4.136210187908701208e+00,1.991026103881971210e+00,1.310320147635518073e-01,-1.557032305314836607e-01,5.608350762429997749e-01,-4.741775277268506783e-01,-7.115522387851709596e-02,2.312098330416868519e-01
1.740000000000000213e+01,4.786273847046321528e+00,-1.506934978482631582e+00,5.600570537897003653e+00,-2.647909938059720969e-01,-4.143309008360174239e+00,2.014140778632281137e+00,1.317243445207766372e-01,-1.545444726878892339e-01,5.535782301037317499e-01,-4.856389112963589438e-01,-7.082167531149730078e-02,2.310836381752508772e-01
1.750000000000000000e+01,4.799482805717468104e+00,-1.522332303400076414e+00,5.655546563248731395e+00,-3.139197930663926162e-01,-4.150374620423378680e+00,2.037242827067154760e+00,1.324623974512308677e-01,-1.534055432862868884e-01,5.458670758230025344e-01,-4.969018769359869192e-01,-7.049105033531036235e-02,2.309573097988553425e-01
1.760000000000000142e+01,4.812767827745345173e+00,-1.537616833127686933e+00,5.709729037280364849e+00,-3.641639054715423152e-01,-4.157407314733775117e+00,2.060332236748406931e+00,1.332454802951750505e-01,-1.522889928556305783e-01,5.377085116229884942e-01,-5.079409375430392615e-01,-7.016331457473830302e-02,2.308308660993445283e-01
1.769999999999999929e+01,4.826133373534247539e+00,-1.552790932331461038e+00,5.763073643176012339e+00,-4.154996737212278690e-01,-4.164407378518450997e+00,2.083408997035836485e+00,1.340727095112938805e-01,-1.511973519738273875e-01,5.291113391243058572e-01,-5.187308051123650232e-01,-6.983843423724402089e-02,2.307043248506383537e-01
1.780000000000000071e+01,4.839583805599686706e+00,-1.567857216995496739e+00,5.815537039657447949e+00,-4.679009290912689023e-01,-4.171375095654272336e+00,2.106473099046232367e+00,1.349430109866066319e-01,-1.501331134193644168e-01,5.200862662443657136e-01,-5.292465692258201404e-01,-6.951637611043125220e-02,2.305777034194639030e-01
1.790000000000000213e+01,4.853123369581117785e+00,-1.582818549737180280e+00,5.867077050914597081e+00,-5.213390382411164925e-01,-4.178310746725735214e+00,2.129524535612913549e+00,1.358551217730087912e-01,-1.490987140511040032e-01,5.106458898285510806e-01,-5.394638782595184701e-01,-6.919710755863819895e-02,2.304510187705580415e-01
1.800000000000000000e+01,4.866756175531893547e+00,-1.597678033307978529e+00,5.917652853763530452e+00,-5.757829681659896170e-01,-4.185214609082430037e+00,2.152563301245771221e+00,1.368075939095187710e-01,-1.480965166856226811e-01,5.008046574234660264e-01,-5.493591206151514639e-01,-6.888059651865306721e-02,2.303242874713780364e-01
1.810000000000000142e+01,4.880486179696761795e+00,-1.612439002293485357e+00,5.967225159928457145e+00,-6.311993691569107723e-01,-4.192086956896037719e+00,2.175589392091759944e+00,1.377988003480118684e-01,-1.471287922532213965e-01,4.905788080144296570e-01,-5.589096031641471729e-01,-6.856681149454757485e-02,2.301975256963608163e-01
1.819999999999999929e+01,4.894317166986375867e+00,-1.627105013054930494e+00,6.015756391353040300e+00,-6.875526753464830110e-01,-4.198928061216762764e+00,2.198602805895785828e+00,1.388269429564028823e-01,-1.461977025190978885e-01,4.799862919876048406e-01,-5.680937240397974097e-01,-6.825572155163298071e-02,2.300707492307759727e-01
1.830000000000000071e+01,4.908252734352826607e+00,-1.641679831982998827e+00,6.063210846500893147e+00,-7.448052221319895194e-01,-4.205738190029117973e+00,2.221603541961974404e+00,1.398900625281822852e-01,-1.453052836537646886e-01,4.690466710277287343e-01,-5.768911369365733455e-01,-6.794729630955081978e-02,2.299439734742197983e-01
1.840000000000000213e+01,4.922296275262231902e+00,-1.656167422162512226e+00,6.109554855684697472e+00,-8.029173794901407479e-01,-4.212517608306977301e+00,2.244591601115257351e+00,1.409860506827685100e-01,-1.444534309256851334e-01,4.577809991068357842e-01,-5.852829041869498372e-01,-6.764150593452025739e-02,2.298172134438009884e-01
1.850000000000000000e+01,4.936450965445336792e+00,-1.670571928573227227e+00,6.154756923614479014e+00,-8.618476999310062947e-01,-4.219266578067810691e+00,2.267566985663275858e+00,1.421126634986573378e-01,-1.436438847712715738e-01,4.462116861441992044e-01,-5.932516360643539377e-01,-6.733832113077191373e-02,2.296904837770695484e-01
1.860000000000000142e+01,4.950719750089815463e+00,-1.684897661976256789e+00,6.198787857527906731e+00,-9.215530795960051869e-01,-4.225985358426028071e+00,2.290529699358566873e+00,1.432675366824631424e-01,-1.428782184712632519e-01,4.343623463065759971e-01,-6.007816140221102774e-01,-6.703771313120678033e-02,2.295637987347424747e-01
1.869999999999999929e+01,4.965105332617128830e+00,-1.699149081656637472e+00,6.241620879474088390e+00,-9.819889307946262358e-01,-4.232674205645343690e+00,2.313479747360999816e+00,1.444482020429743718e-01,-1.421578276298496590e-01,4.222576332575843638e-01,-6.078588959047828144e-01,-6.673965368732728831e-02,2.294371722032793326e-01
1.880000000000000071e+01,4.979610165161079571e+00,-1.713330777210865685e+00,6.283231721579348061e+00,-1.043109364091832303e+00,-4.239333373190109278e+00,2.336417136200484634e+00,1.456521050118034788e-01,-1.414839216153353785e-01,4.099230649404603244e-01,-6.144714015440071453e-01,-6.644411505849430466e-02,2.293106176973606913e-01
1.890000000000000213e+01,4.994236440839343594e+00,-1.727447449581533068e+00,6.323598703382139696e+00,-1.104867377924585892e+00,-4.245963111775534315e+00,2.359341873739909445e+00,1.468766229315772442e-01,-1.408575170784149289e-01,3.973848406847999004e-01,-6.206089775781720164e-01,-6.615107000057166009e-02,2.291841483623209552e-01
1.900000000000000000e+01,5.008986087880090032e+00,-1.741503891550778560e+00,6.362702790615885284e+00,-1.167215053630547450e+00,-4.252563669416744574e+00,2.382253969138330429e+00,1.481190838200443505e-01,-1.402794336194249092e-01,3.846696535535819028e-01,-6.262634407823358673e-01,-6.586049175402482192e-02,2.290577769765848315e-01
1.910000000000000142e+01,5.023860765636322334e+00,-1.755504967909348624e+00,6.400527635113445690e+00,-1.230103753720923843e+00,-4.259135291476630947e+00,2.405153432814405523e+00,1.493767853140969548e-01,-1.397502916297189979e-01,3.718045008905765392e-01,-6.314285996569650727e-01,-6.557235403154546005e-02,2.289315159541547573e-01
1.920000000000000284e+01,5.038861862491599730e+00,-1.769455595517569702e+00,6.437059595796482014e+00,-1.293484321234389833e+00,-4.265678220712432633e+00,2.428040276410076803e+00,1.506470135010655187e-01,-1.392705122865112444e-01,3.588164959946231192e-01,-6.361002544820795190e-01,-6.528663100527767882e-02,2.288053773471916963e-01
1.930000000000000071e+01,5.053990495631293989e+00,-1.783360723471190123e+00,6.472287741008133644e+00,-1.357307278042626297e+00,-4.272192697321029797e+00,2.450914512754522434e+00,1.519270613564029093e-01,-1.388403196371109649e-01,3.457326837296951783e-01,-6.402761764776199183e-01,-6.500329729372375520e-02,2.286793728487293564e-01
1.940000000000000213e+01,5.069247512626991359e+00,-1.797225313575846251e+00,6.506203832713048918e+00,-1.421523020069936027e+00,-4.278678958982918168e+00,2.473776155828391055e+00,1.532142465250167229e-01,-1.384597446679400046e-01,3.325798626982419681e-01,-6.439560671161563832e-01,-6.472232794840852843e-02,2.285535137955562457e-01
1.950000000000000000e+01,5.084633494756227279e+00,-1.811054321321806437e+00,6.538802293342601324e+00,-1.486082007510258984e+00,-4.285137240904836275e+00,2.496625220728319494e+00,1.545059282081379659e-01,-1.381286312182262999e-01,3.193844163590034979e-01,-6.471414989890328373e-01,-6.444369844038247419e-02,2.284278111712956805e-01
1.960000000000000142e+01,5.100148761957153276e+00,-1.824852677535722556e+00,6.570080156289543005e+00,-1.550934948274570457e+00,-4.291567775861035550e+00,2.519461723631790218e+00,1.557995229474078980e-01,-1.378466435680729685e-01,3.061721551725626878e-01,-6.498358399289796417e-01,-6.416738464664110964e-02,2.283022756097090045e-01
1.970000000000000284e+01,5.115793379299263144e+00,-1.838625270866467210e+00,6.600037001240615986e+00,-1.616032973097649705e+00,-4.297970794233198610e+00,2.542285681762313398e+00,1.570925191305119484e-01,-1.376132755065209157e-01,2.929681715314185197e-01,-6.520441623330328618e-01,-6.389336283653758441e-02,2.281769173982416687e-01
1.980000000000000071e+01,5.131567164834665462e+00,-1.852376931243205016e+00,6.628674875702382785e+00,-1.681327800922936433e+00,-4.304346524048997757e+00,2.565097113354982916e+00,1.583824900788543544e-01,-1.374278606679714132e-01,2.797967088697180804e-01,-6.537731398021131568e-01,-6.362160965826121894e-02,2.280517464818268836e-01
1.990000000000000213e+01,5.147469698682733963e+00,-1.866112414421386090e+00,6.655998204192006718e+00,-1.746771893408580523e+00,-4.310695191019307870e+00,2.587896037622434253e+00,1.596671056141254763e-01,-1.372895839143340735e-01,2.666810459841966741e-01,-6.550309333236166154e-01,-6.335210212545100417e-02,2.279267724669568340e-01
2.000000000000000000e+01,5.163500333192589942e+00,-1.879836387709498569e+00,6.682013686648231143e+00,-1.812318597626225047e+00,-4.317017018574089704e+00,2.610682474721205182e+00,1.609441420368758480e-01,-1.371974935359150660e-01,2.536433972352505894e-01,-6.558270692668755064e-01,-6.308481760400853899e-02,2.278020046260257336e-01
2.010000000000000142e+01,5.179658204022367762e+00,-1.893553416947741930e+00,6.706730187673328736e+00,-1.877922276241148269e+00,-4.323312227896966675e+00,2.633456445718561856e+00,1.622114904857476503e-01,-1.371505140456608374e-01,2.407048289416930387e-01,-6.561723114453374972e-01,-6.281973379916898359e-02,2.276774519019454379e-01
2.020000000000000284e+01,5.195942241973505737e+00,-1.907267954786471265e+00,6.730158618223508249e+00,-1.943538424695084643e+00,-4.329581037958526224e+00,2.656217972559788532e+00,1.634671636783346926e-01,-1.371474593481928628e-01,2.278851919595367148e-01,-6.560785294311004545e-01,-6.255682874288315265e-02,2.275531229130289268e-01
2.030000000000000071e+01,5.212351185419444199e+00,-1.920984330291526820e+00,6.752311811353972182e+00,-2.009123775120720712e+00,-4.335823665548372396e+00,2.678967078035983995e+00,1.647093010646492328e-01,-1.371870460767395938e-01,2.152030701350656772e-01,-6.555585651907385181e-01,-6.229608078155731560e-02,2.274290259581341345e-01
2.040000000000000213e+01,5.228883593172337640e+00,-1.934706739883843118e+00,6.773204393582648031e+00,-2.074636386913963015e+00,-4.342040325305979387e+00,2.701703785752385123e+00,1.659361724504156699e-01,-1.372679069064171031e-01,2.026757440600352178e-01,-6.546260999578856765e-01,-6.203746856419124073e-02,2.273051690220564691e-01
2.050000000000000000e+01,5.245537857639038570e+00,-1.948439239601684081e+00,6.792852653360020199e+00,-2.140035724080401991e+00,-4.348231229750370019e+00,2.724428120097237116e+00,1.671461801690839744e-01,-1.373886036704633773e-01,1.903191693401093121e-01,-6.532955230765222776e-01,-6.178097103094833814e-02,2.271815597811555898e-01
2.060000000000000142e+01,5.262312218125226870e+00,-1.962185738658614342e+00,6.811274408056453566e+00,-2.205282719625109245e+00,-4.354396589308684895e+00,2.747140106211244159e+00,1.683378599000021070e-01,-1.375476401265263438e-01,1.781479684021652354e-01,-6.515818043439366436e-01,-6.152656740218550441e-02,2.270582056091996204e-01
2.070000000000000284e+01,5.279204774159926394e+00,-1.975949994253468844e+00,6.828488870744447325e+00,-2.270339827422928725e+00,-4.360536612343669738e+00,2.769839769957605835e+00,1.695098802425794582e-01,-1.377434742413251312e-01,1.661754347421695033e-01,-6.495003711701564653e-01,-6.127423716796352032e-02,2.269351135834074829e-01
2.080000000000000071e+01,5.296213498716817902e+00,-1.989735607583209553e+00,6.844516518012003559e+00,-2.335171062060587222e+00,-4.366651505180143111e+00,2.792527137892675704e+00,1.706610411691744100e-01,-1.379745298845609092e-01,1.544135483863113834e-01,-6.470669916450607628e-01,-6.102396007805490491e-02,2.268122904906695603e-01
2.090000000000000213e+01,5.313336251233740981e+00,-2.003546020988409726e+00,6.859378959793120956e+00,-2.399742027353158669e+00,-4.372741472130489804e+00,2.815202237237247385e+00,1.717902714799110220e-01,-1.382392078438032523e-01,1.428730013333475157e-01,-6.442976643958917560e-01,-6.077571613245697640e-02,2.266897428339240406e-01
2.100000000000000000e+01,5.330570790331261577e+00,-2.017384516165303676e+00,6.873098812206653641e+00,-2.464019934195446737e+00,-4.378806715519227843e+00,2.837865095848477903e+00,1.728966253907614214e-01,-1.385358960939501449e-01,1.315632316648029376e-01,-6.412085158991660538e-01,-6.052948557241653871e-02,2.265674768386672644e-01
2.110000000000000142e+01,5.347914786151781286e+00,-2.031254213365484507e+00,6.885699574188934413e+00,-2.527973608537641415e+00,-4.384847435706709540e+00,2.860515742192479838e+00,1.739792783822665390e-01,-1.388629792741322422e-01,1.204924650493008481e-01,-6.378157057182529677e-01,-6.028524887196549942e-02,2.264454984595751230e-01
2.120000000000000284e+01,5.365365832252734002e+00,-2.045158071501700370e+00,6.897205508584695721e+00,-2.591573490300576932e+00,-4.390863831111994742e+00,2.883154205317570273e+00,1.750375224333867163e-01,-1.392188473430081841e-01,1.096677623960962827e-01,-6.341353399571312277e-01,-6.004298672996296465e-02,2.263238133872127467e-01
2.130000000000000071e+01,5.382921456996967002e+00,-2.059098889077885630e+00,6.907641528265330066e+00,-2.654791624049350762e+00,-4.396856098234957599e+00,2.905780514828199212e+00,1.760707607608084369e-01,-1.396019034000385295e-01,9.909507245455226321e-02,-6.301833930544251672e-01,-5.980268006263594893e-02,2.262024270548101124e-01
2.140000000000000213e+01,5.400579134397055725e+00,-2.073079305859624188e+00,6.917033087707160632e+00,-2.717601642263326234e+00,-4.402824431677672123e+00,2.928394700859558775e+00,1.770785021761030475e-01,-1.400105706744526335e-01,8.877928823557755533e-02,-6.259756379005558813e-01,-5.956430999660723008e-02,2.260813446450818942e-01
2.150000000000000000e+01,5.418336294380662999e+00,-2.087101805202384419e+00,6.925406080358528449e+00,-2.779978742029030059e+00,-4.408769024165120065e+00,2.950996794052869188e+00,1.780603551651131489e-01,-1.404432986960331697e-01,7.872430621126542960e-02,-6.215275841367389198e-01,-5.932785786239629100e-02,2.259605710970702952e-01
2.160000000000000142e+01,5.436190332454018836e+00,-2.101168716956895555e+00,6.932786742025132121e+00,-2.841899655962414339e+00,-4.414690066565277071e+00,2.973586825531359334e+00,1.790160217848985325e-01,-1.408985686721727915e-01,6.893308733939192134e-02,-6.168544243912633673e-01,-5.909330518837656310e-02,2.258401111129910710e-01
2.170000000000000284e+01,5.454138618749461820e+00,-2.115282220873930807e+00,6.939201560414039349e+00,-2.903342618137624953e+00,-4.420587747908614418e+00,2.996164826876920984e+00,1.799452914639565471e-01,-1.413748981040279240e-01,5.940771905560617711e-02,-6.119709881247848982e-01,-5.886063369517093719e-02,2.257199691650637885e-01
2.180000000000000071e+01,5.472178506451462532e+00,-2.129444350434232636e+00,6.944677190892470264e+00,-2.964287325765133652e+00,-4.426462255407058954e+00,3.018730830107451801e+00,1.808480347815085709e-01,-1.418708446811201007e-01,5.014947747538044814e-02,-6.068917026911077039e-01,-5.862982529046525254e-02,2.256001495023084447e-01
2.190000000000000213e+01,5.490307339602323644e+00,-2.143656997033655642e+00,6.949240378449263567e+00,-3.024714897318326656e+00,-4.432313774472458334e+00,3.041284867654873825e+00,1.817241972920482784e-01,-1.423850094986335302e-01,4.115888914373711654e-02,-6.016305611709575896e-01,-5.840086206421903764e-02,2.254806561572925139e-01
2.200000000000000000e+01,5.508522460294901890e+00,-2.157921914458179824e+00,6.952917885785601548e+00,-3.084607827762027465e+00,-4.438142488734585278e+00,3.063826972343820287e+00,1.825737934518173178e-01,-1.429160396449714043e-01,3.243579176607937209e-02,-5.962010965030993814e-01,-5.817372628425174913e-02,2.253614929528129085e-01
2.210000000000000142e+01,5.526821215265218967e+00,-2.172240723588205746e+00,6.955736427406566058e+00,-3.143949941488946020e+00,-4.443948580058716402e+00,3.086357177370993909e+00,1.833969006947849534e-01,-1.434626302091484840e-01,2.397939344433348829e-02,-5.906163614170152343e-01,-5.794840039218218664e-02,2.252426635084997797e-01
2.220000000000000284e+01,5.545200961901736392e+00,-2.186614917276706205e+00,6.957722609545498926e+00,-3.202726343518122576e+00,-4.449732228562822911e+00,3.108875516285170448e+00,1.841936536973542149e-01,-1.440235257584498718e-01,1.578833002615774236e-02,-5.848889136628312446e-01,-5.772486699969894136e-02,2.251241712473295575e-01
2.230000000000000071e+01,5.563659073691879620e+00,-2.201045865350758302e+00,6.958902875715652137e+00,-3.260923369460283716e+00,-4.455493612634405132e+00,3.131382022967859946e+00,1.849642388631032863e-01,-1.445975213366375578e-01,7.860720254107571650e-03,-5.790308060356609277e-01,-5.750310888513955609e-02,2.250060194020362669e-01
2.240000000000000213e+01,5.582192945129104800e+00,-2.215534819690974100e+00,6.959303457655993341e+00,-3.318528534704865418e+00,-4.461232908946998421e+00,3.153876731614597695e+00,1.857088890517681334e-01,-1.451834630320622543e-01,1.942184726760280006e-04,-5.730535807007899329e-01,-5.728310899035642112e-02,2.248882110214121544e-01
2.250000000000000000e+01,5.600799996105807921e+00,-2.230082919348241433e+00,6.958950331418337854e+00,-3.375530483234447487e+00,-4.466950292476377093e+00,3.176359676716856484e+00,1.864278785702910279e-01,-1.457802481634296599e-01,-7.213935285061229274e-03,-5.669682673421923003e-01,-5.706485041784810364e-02,2.247707489764885214e-01
2.260000000000000142e+01,5.619477675818998819e+00,-2.244691195661835170e+00,6.957869178326546944e+00,-3.431918936426237909e+00,-4.472645936516488341e+00,3.198830893044580126e+00,1.871215184380470575e-01,-1.463868251288862610e-01,-1.436686795233464882e-02,-5.607853846777282047e-01,-5.684831642813500258e-02,2.246536359665903260e-01
2.270000000000000284e+01,5.638223466216499169e+00,-2.259360577347413024e+00,6.956085350530188727e+00,-3.487684642155183923e+00,-4.478320012695131247e+00,3.221290415629304960e+00,1.877901519334276292e-01,-1.470021929616079082e-01,-2.126802889691566806e-02,-5.545149449091796301e-01,-5.663349043735953908e-02,2.245368745252584175e-01
2.280000000000000071e+01,5.657034885012022229e+00,-2.274091895527594609e+00,6.953623840869229689e+00,-3.542819324471933484e+00,-4.483972690989408427e+00,3.243738279747873765e+00,1.884341504246504206e-01,-1.476254006323451662e-01,-2.792114823141199700e-02,-5.481664607025833469e-01,-5.642035601509123866e-02,2.244204670260344370e-01
2.290000000000000213e+01,5.675909488297516958e+00,-2.288885888681719383e+00,6.950509256765839972e+00,-3.597315634089537806e+00,-4.489604139740966282e+00,3.266174520906720335e+00,1.890539094840392731e-01,-1.482555461364771787e-01,-3.433019795807297492e-02,-5.417489543233333649e-01,-5.620889688231861525e-02,2.243044156881048301e-01
2.300000000000000000e+01,5.694844872780965517e+00,-2.303743207494983736e+00,6.946765797861428560e+00,-3.651167099876877487e+00,-4.495214525671043404e+00,3.288599174826707827e+00,1.896498452819581071e-01,-1.488917754001463645e-01,-4.049935590996987800e-02,-5.352709685803376249e-01,-5.599909690961026032e-02,2.241887225818006424e-01
2.310000000000000142e+01,5.713838677677307132e+00,-2.318664419590484194e+00,6.942417237122310070e+00,-3.704368081523683021e+00,-4.500804013895343125e+00,3.311012277428515560e+00,1.902223912540891571e-01,-1.495332810370509913e-01,-4.643297242546177289e-02,-5.287405792634419788e-01,-5.579094011542867076e-02,2.240733896339514308e-01
2.320000000000000284e+01,5.732888586279416110e+00,-2.333650014130665085e+00,6.937486905144628402e+00,-3.756913723511906777e+00,-4.506372767938745305e+00,3.333413864818546291e+00,1.907719950337258552e-01,-1.501793009845213411e-01,-5.213553967267602063e-02,-5.221654087878788708e-01,-5.558441066458139068e-02,2.239584186330918492e-01
2.330000000000000071e+01,5.751992327235147862e+00,-2.348700406277432151e+00,6.931997677398428870e+00,-3.808799910501039943e+00,-4.511920949749868015e+00,3.355803973275352625e+00,1.912991156391858349e-01,-1.508291170446375284e-01,-5.761166352506219557e-02,-5.155526407881454443e-01,-5.537949286679497152e-02,2.238438112345201292e-01
2.340000000000000213e+01,5.771147675555435619e+00,-2.363815941502596996e+00,6.925971964161176331e+00,-3.860023224210605175e+00,-4.517448719715492444e+00,3.378182639236562590e+00,1.918042209052572555e-01,-1.514820533533999258e-01,-6.286603787717318093e-02,-5.089090354312102438e-01,-5.517617117539818511e-02,2.237295689652088471e-01
2.350000000000000000e+01,5.790352453377225928e+00,-2.378996899742499060e+00,6.919431702902640424e+00,-3.910580901861301140e+00,-4.522956236674860797e+00,3.400549899286281708e+00,1.922877851467475752e-01,-1.521374747983589848e-01,-6.790342128137269451e-02,-5.022409452449789757e-01,-5.497443018610211063e-02,2.236156932285681131e-01
2.360000000000000142e+01,5.809604530503865050e+00,-2.394243499392577856e+00,6.912398352895246845e+00,-3.960470796217207656e+00,-4.528443657933859612e+00,3.422905790142974247e+00,1.927502870416442637e-01,-1.527947854026655838e-01,-7.272861578057622511e-02,-4.955543312824077229e-01,-5.477425463586533400e-02,2.235021853090628230e-01
2.370000000000000284e+01,5.828901824744244564e+00,-2.409555901139326828e+00,6.904892891836678537e+00,-4.009691337254531973e+00,-4.533911139279086733e+00,3.445250348647788119e+00,1.931922077210864730e-01,-1.534534266912311873e-01,-7.734644780903000838e-02,-4.888547794643738342e-01,-5.457562940183375427e-02,2.233890463766849965e-01
2.380000000000000071e+01,5.848242302070747911e+00,-2.424934211628549274e+00,6.896935814284377742e+00,-4.058241495467843407e+00,-4.539358834991823244e+00,3.467583611753328299e+00,1.936140290532461228e-01,-1.541128760525848906e-01,-8.176175103211508199e-02,-4.821475169654351189e-01,-5.437853950034511608e-02,2.232762774912834536e-01
2.390000000000000213e+01,5.867623976614749104e+00,-2.440378486970075311e+00,6.888547131714457983e+00,-4.106120746812110589e+00,-4.544786897861906816e+00,3.489905616512853914e+00,1.940162321082843089e-01,-1.547726451080959909e-01,-8.597935099685298510e-02,-4.754374285257933486e-01,-5.418297008598924741e-02,2.231638796067526020e-01
2.400000000000000000e+01,5.887044910517122531e+00,-2.455888736080188650e+00,6.879746374030321299e+00,-4.153329039268000678e+00,-4.550195479201505577e+00,3.512216400069883004e+00,1.943992957917619058e-01,-1.554322780984748187e-01,-9.000405146690199087e-02,-4.687290725903361932e-01,-5.398890645071609262e-02,2.230518535750836417e-01
2.410000000000000142e+01,5.906503213650019291e+00,-2.471464923863925023e+00,6.870552592358667887e+00,-4.199866761008960836e+00,-4.555584728858817378e+00,3.534515999648204065e+00,1.947636956342031767e-01,-1.560913502958902743e-01,-9.384062231904685691e-02,-4.620266971913778442e-01,-5.379633402298377581e-02,2.229402001502800712e-01
2.420000000000000284e+01,5.925997043224893623e+00,-2.487106974240150592e+00,6.860984362982779139e+00,-4.245734710140764534e+00,-4.560954795231675796e+00,3.556804452542262407e+00,1.951099027249238449e-01,-1.567494664486135392e-01,-9.749378888229694173e-02,-4.553342555060060914e-01,-5.360523836694033178e-02,2.228289199921408281e-01
2.430000000000000071e+01,5.945524603300659905e+00,-2.502814773012976612e+00,6.851059792274516447e+00,-4.290934065978166068e+00,-4.566305825281080644e+00,3.579081796107925761e+00,1.954383827787090633e-01,-1.574062592638338087e-01,-1.009682226054566256e-01,-4.486554210315767954e-01,-5.341560518163286642e-02,2.227180136699142554e-01
2.440000000000000213e+01,5.965084144204698013e+00,-2.518588170593554221e+00,6.840796522497709198e+00,-4.335466361818077097e+00,-4.571637964544651211e+00,3.601348067753609161e+00,1.957495953244522968e-01,-1.580613879331641269e-01,-1.042685329442830516e-01,-4.419936023341850539e-01,-5.322742030023874110e-02,2.226074816658258904e-01
2.450000000000000000e+01,5.984673961878384851e+00,-2.534426984576704012e+00,6.830211738366180896e+00,-4.379333459164702624e+00,-4.576951357149996902e+00,3.623603304931738212e+00,1.960439930054216628e-01,-1.587145367043565347e-01,-1.073992603649012306e-01,-4.353519573349184935e-01,-5.304066968931411830e-02,2.224973243784834631e-01
2.460000000000000142e+01,6.004292397157835914e+00,-2.550331002177145479e+00,6.819322174249695223e+00,-4.422537523359111766e+00,-4.582246145828022144e+00,3.645847545130558753e+00,1.963220209813958950e-01,-1.593654135018817974e-01,-1.103648703659022984e-01,-4.287334071073448660e-01,-5.285533944805531625e-02,2.223875421261624075e-01
2.470000000000000284e+01,6.023937834999556706e+00,-2.566299982530303225e+00,6.808144121930628678e+00,-4.465081000563236202e+00,-4.587522471926154033e+00,3.668080825866258277e+00,1.965841164234965743e-01,-1.600137485982601748e-01,-1.131697484273951199e-01,-4.221406491673742600e-01,-5.267141580756939251e-02,2.222781351499755476e-01
2.480000000000000071e+01,6.043608703659856474e+00,-2.582333658862843606e+00,6.796693438822968503e+00,-4.506966596046974693e+00,-4.592780475421493591e+00,3.690303184675404413e+00,1.968307080931252784e-01,-1.606592933373766352e-01,-1.158181958011011009e-01,-4.155761702431638449e-01,-5.248888513015045887e-02,2.221691036169299027e-01
2.490000000000000213e+01,6.063303473836032076e+00,-2.598431740538166501e+00,6.784985556573619903e+00,-4.548197253726033118e+00,-4.598020294933901297e+00,3.712514659107686299e+00,1.970622159969906417e-01,-1.613018189104477862e-01,-1.183144260613463450e-01,-4.090422585183972060e-01,-5.230773390855886912e-02,2.220604476228747459e-01
2.500000000000000000e+01,6.083020657776532225e+00,-2.614593914982140888e+00,6.773035489973723067e+00,-4.588776136897535274e+00,-4.603242067739006238e+00,3.734715286718936156e+00,1.972790511107732625e-01,-1.619411151848169639e-01,-1.206625623424308485e-01,-4.025410153471742358e-01,-5.212794876530071897e-02,2.219521671953436082e-01
2.510000000000000142e+01,6.102758808366641752e+00,-2.630819849494352880e+00,6.760857846114771696e+00,-4.628706610120922882e+00,-4.608445929781146866e+00,3.756905105064440864e+00,1.974816151645183981e-01,-1.625769895853576286e-01,-1.228666351932775347e-01,-3.960743664427179289e-01,-5.194951645190546557e-02,2.218442622962941146e-01
2.520000000000000284e+01,6.122516518195517676e+00,-2.647109192950091838e+00,6.748466833731102454e+00,-4.667992222191606366e+00,-4.613632015686235377e+00,3.779084151692512439e+00,1.976703004833714195e-01,-1.632092660279116370e-01,-1.249305809855133370e-01,-3.896440725456329357e-01,-5.177242384819982779e-02,2.217367328247490388e-01
2.530000000000000071e+01,6.142292418609818228e+00,-2.663461577398265945e+00,6.735876272676411425e+00,-4.706636690155672653e+00,-4.618800458774549256e+00,3.801252464138325848e+00,1.978454898777713133e-01,-1.638377839039066586e-01,-1.268582408161355868e-01,-3.832517395802751414e-01,-5.159665796157630879e-02,2.216295786193414608e-01
2.540000000000000213e+01,6.162085178758601067e+00,-2.679876619560280115e+00,6.723099603487482590e+00,-4.744643884315213889e+00,-4.623951391073453543e+00,3.823410079918003301e+00,1.980075565776890922e-01,-1.644623971150717401e-01,-1.286533598506346132e-01,-3.768988283100506709e-01,-5.142220592625506431e-02,2.215227994607678330e-01
2.550000000000000000e+01,6.181893504633636738e+00,-2.696353922234841161e+00,6.710149896993723218e+00,-4.782017814174534642e+00,-4.629084943330046720e+00,3.845557036522937011e+00,1.981568642059500784e-01,-1.650829731569719849e-01,-1.303195870569616166e-01,-3.705866635044320900e-01,-5.124905500253811724e-02,2.214163950741515619e-01
2.560000000000000142e+01,6.201716138108814391e+00,-2.712893075613492577e+00,6.697039863935628112e+00,-4.818762615279432282e+00,-4.634201245023730209e+00,3.867693371414349990e+00,1.982937667860989184e-01,-1.656993922499515326e-01,-1.318604752849330541e-01,-3.643164426318061255e-01,-5.107719257605488478e-02,2.213103651313210463e-01
2.570000000000000284e+01,6.221551855981892309e+00,-2.729493658511575660e+00,6.683781864559825259e+00,-4.854882536902327850e+00,-4.639300424378701493e+00,3.889819122018073561e+00,1.984186087806624477e-01,-1.663115465159349660e-01,-1.332794816496248036e-01,-3.580892440936547239e-01,-5.090660615699850455e-02,2.212047092530042003e-01
2.580000000000000071e+01,6.241399469021429169e+00,-2.746155239519065372e+00,6.670387918162123064e+00,-4.890381930528899801e+00,-4.644382608376373511e+00,3.911934325719544692e+00,1.985317251560357321e-01,-1.669193391994922837e-01,-1.345799681810038173e-01,-3.519060350160208572e-01,-5.073728337935234228e-02,2.210994270109434279e-01
2.590000000000000213e+01,6.261257821021406045e+00,-2.762877378075661472e+00,6.656869712553700857e+00,-4.925265239102411208e+00,-4.649447922767715902e+00,3.934039019859013386e+00,1.986334414705581697e-01,-1.675226839314840621e-01,-1.357652027054739585e-01,-3.457676786150928883e-01,-5.056921200010641715e-02,2.209945179299332152e-01
2.600000000000000000e+01,6.281125787865656562e+00,-2.779659625474330209e+00,6.643238613428985140e+00,-4.959536986983645868e+00,-4.654496492085513637e+00,3.956133241726941030e+00,1.987240739826708624e-01,-1.681215040335724276e-01,-1.368383599282439189e-01,-3.396749411540596619e-01,-5.040237989846348826e-02,2.208899814897836711e-01
2.610000000000000142e+01,6.301002276604031671e+00,-2.796501525797234766e+00,6.629505673616271189e+00,-4.993201770587265109e+00,-4.659528439656548393e+00,3.978217028559602131e+00,1.988039297763352642e-01,-1.687157318618907886e-01,-1.378025226883166920e-01,-3.336284985083046717e-01,-5.023677507503464257e-02,2.207858171272122083e-01
2.620000000000000284e+01,6.320886224541832021e+00,-2.813402616787944677e+00,6.615681642195424317e+00,-5.026264249655429062e+00,-4.664543887613700868e+00,4.000290417534862364e+00,1.988733069011725807e-01,-1.693053081881293609e-01,-1.386606833607000600e-01,-3.276289423563732983e-01,-5.007238565102462707e-02,2.206820242376667518e-01
2.630000000000000071e+01,6.340776598343921933e+00,-2.830362430663507567e+00,6.601776973468790111e+00,-5.058729139133075314e+00,-4.669542956907966946e+00,4.022353445768142244e+00,1.989324945250289522e-01,-1.698901816163459755e-01,-1.394157453828817061e-01,-3.216767860136226509e-01,-4.990919986740671721e-02,2.205786021770822225e-01
2.640000000000000213e+01,6.360672393154604976e+00,-2.847380494870003442e+00,6.587801835774392600e+00,-5.090601201608531134e+00,-4.674525767320393932e+00,4.044406150308554437e+00,1.989817730969097864e-01,-1.704703080337788834e-01,-1.400705248850093176e-01,-3.157724699257847822e-01,-4.974720608408750994e-02,2.204755502635734055e-01
2.650000000000000000e+01,6.380572631734258593e+00,-2.864456332784713233e+00,6.573766120131382173e+00,-5.121885240288070129e+00,-4.679492437473930622e+00,4.066448568135196062e+00,1.990214145184290850e-01,-1.710456500940442937e-01,-1.406277524052276795e-01,-3.099163668386236137e-01,-4.958639277906190523e-02,2.203728677790662005e-01
2.660000000000000142e+01,6.400476363613456954e+00,-2.881589464368239373e+00,6.559679448710668659e+00,-5.152586092471230117e+00,-4.684443084845194782e+00,4.088480736153615069e+00,1.990516823221236686e-01,-1.716161767310649122e-01,-1.410900746736770683e-01,-3.041087866602210088e-01,-4.942674854755846336e-02,2.202705539708699201e-01
2.670000000000000284e+01,6.420382664265213535e+00,-2.898779406769413480e+00,6.545551183124066696e+00,-5.182708623498300859e+00,-4.689377825776151809e+00,4.110502691192422731e+00,1.990728318551503173e-01,-1.721818627021857451e-01,-1.414600564503263047e-01,-2.983499810313351985e-01,-4.926826210117560972e-02,2.201686080531924106e-01
2.680000000000000071e+01,6.440290634295791961e+00,-2.916025674885985630e+00,6.531390432527830470e+00,-5.212257721140209021e+00,-4.694296775485709894e+00,4.132514470000056228e+00,1.990851104670556537e-01,-1.727426881589229635e-01,-1.417401824035462443e-01,-2.926401476193712381e-01,-4.911092226700907587e-02,2.200670292086008006e-01
2.690000000000000213e+01,6.460199398654469682e+00,-2.933327781883677599e+00,6.517206061536574779e+00,-5.241238290404924172e+00,-4.699200048081224601e+00,4.154516109241688682e+00,1.990887577004444020e-01,-1.732986382438940487e-01,-1.419328590176718308e-01,-2.869794341504887658e-01,-4.895471798677090980e-02,2.199658165894289863e-01
2.700000000000000000e+01,6.480108105862449897e+00,-2.950685239676155369e+00,6.503006697945462378e+00,-5.269655248734724573e+00,-4.704087756569917289e+00,4.176507645496268850e+00,1.990840054835160966e-01,-1.738497027125087135e-01,-1.420404165192590829e-01,-2.813679421940481484e-01,-4.879963831590077017e-02,2.198649693191350729e-01
2.710000000000000142e+01,6.500015927261096671e+00,-2.968097559368395810e+00,6.488800740259276445e+00,-5.297513521569756634e+00,-4.708960012870202050e+00,4.198489115253703829e+00,1.990710783235546955e-01,-1.743958755780473657e-01,-1.420651108128760109e-01,-2.758057307131361879e-01,-4.864567242266971958e-02,2.197644864936096065e-01
2.720000000000000284e+01,6.519922056279542133e+00,-2.985564251665598245e+00,6.474596365027549538e+00,-5.324818038256196040e+00,-4.713816927822922942e+00,4.220460554912164319e+00,1.990501935005690726e-01,-1.749371547788439452e-01,-1.420091254184123741e-01,-2.702928193939975188e-01,-4.849280958727723856e-02,2.196643671824369259e-01
2.730000000000000071e+01,6.539825707721576897e+00,-3.003084827250023014e+00,6.460401533986776634e+00,-5.351573728275292652e+00,-4.718658611202503295e+00,4.242422000775512458e+00,1.990215612603837003e-01,-1.754735418662775326e-01,-1.418745734028940275e-01,-2.648291917673364915e-01,-4.834103920094188350e-02,2.195646104301116341e-01
2.740000000000000213e+01,6.559726117071890350e+00,-3.020658797127423689e+00,6.446224001009145610e+00,-5.377785517776633384e+00,-4.723485171728002641e+00,4.264373489050858446e+00,1.989853850065605723e-01,-1.760050417124536803e-01,-1.416634993006186394e-01,-2.594147981326747621e-01,-4.819035076498610209e-02,2.194652152572113546e-01
2.750000000000000000e+01,6.579622539821333049e+00,-3.038285672945340021e+00,6.432071318860789866e+00,-5.403458326392827082e+00,-4.728296717074076838e+00,4.286315055846218414e+00,1.989418614906277583e-01,-1.765316622363649890e-01,-1.413778810163606181e-01,-2.540495582978782863e-01,-4.804073388991587923e-02,2.193661806615278265e-01
2.760000000000000142e+01,6.599514250811165716e+00,-3.055964967284787281e+00,6.417950845770240775e+00,-5.428597064320435983e+00,-4.733093353881854704e+00,4.308246737168297535e+00,1.988911810001483260e-01,-1.770534141475047230e-01,-1.410196317069866423e-01,-2.487333641441109022e-01,-4.789217829449558123e-02,2.192675056191578375e-01
2.770000000000000284e+01,6.619400543595956421e+00,-3.073696193927166309e+00,6.403869751810203681e+00,-5.453206629648713388e+00,-4.737875187769716057e+00,4.330168568920365502e+00,1.988335275442438543e-01,-1.775703107058778374e-01,-1.405906016376189671e-01,-2.434660820267773029e-01,-4.774467380481869222e-02,2.191691890855553548e-01
2.780000000000000071e+01,6.639280729824856842e+00,-3.091478868098041843e+00,6.389835025095456089e+00,-5.477291905919839721e+00,-4.742642323343975619e+00,4.352080586900248349e+00,1.987690790362337534e-01,-1.780823674974234272e-01,-1.400925800089616313e-01,-2.382475550223124572e-01,-4.759821035337485212e-02,2.190712299965465182e-01
2.790000000000000213e+01,6.659154138641079079e+00,-3.109312506689014821e+00,6.375853477798736790e+00,-5.500857759908280187e+00,-4.747394864209480758e+00,4.373982826798419765e+00,1.986980074731081458e-01,-1.785896022239771286e-01,-1.395272967529667951e-01,-2.330776050295376434e-01,-4.745277797811379983e-02,2.189736272693087737e-01
2.800000000000000000e+01,6.679020116099049886e+00,-3.127196628459453898e+00,6.361931751989648554e+00,-5.523909039601636373e+00,-4.752132912980105317e+00,4.395875324196170553e+00,1.986204791116061019e-01,-1.790920345068272856e-01,-1.388964242945531780e-01,-2.279560347350428340e-01,-4.730836682150676986e-02,2.188763798033154795e-01
2.810000000000000142e+01,6.698878024599075331e+00,-3.145130754219107594e+00,6.348076325298449341e+00,-5.546450572372830123e+00,-4.756856571289158175e+00,4.417758114563897998e+00,1.985366546406990840e-01,-1.795896857030953031e-01,-1.382015792773841623e-01,-2.228826294502946337e-01,-4.716496712960576571e-02,2.187794864812474815e-01
2.820000000000000284e+01,6.718727242339024741e+00,-3.163114406993006611e+00,6.334293516409493563e+00,-5.568487163329405298e+00,-4.761565939799693226e+00,4.439631233259460963e+00,1.984466893503337159e-01,-1.800825787341236439e-01,-1.374443242522351005e-01,-2.178571588286363492e-01,-4.702256925110129965e-02,2.186829461698724386e-01
2.830000000000000071e+01,6.738567162782663544e+00,-3.181147112169860680e+00,6.320589490388136333e+00,-5.590023593828033377e+00,-4.766261118214726089e+00,4.461494715526634458e+00,1.983507332963080072e-01,-1.805707379251235145e-01,-1.366261693267000477e-01,-2.128793784696588753e-01,-4.688116363637904321e-02,2.185867577208937540e-01
2.840000000000000213e+01,6.758397194144381004e+00,-3.199228397634766630e+00,6.306970263843589386e+00,-5.611064620145989501e+00,-4.770942205287354909e+00,4.483348596493649474e+00,1.982489314611874109e-01,-1.810541888554373369e-01,-1.357485737752974764e-01,-2.079490314173963739e-01,-4.674074083657588086e-02,2.184909199717695594e-01
2.850000000000000000e+01,6.778216758889698212e+00,-3.217357793887619000e+00,6.293441709933856210e+00,-5.631614972295614585e+00,-4.775609298830793215e+00,4.505192911171797654e+00,1.981414239112033182e-01,-1.815329582186849255e-01,-1.348129476093962997e-01,-2.030658495596545099e-01,-4.660129150263588038e-02,2.183954317465033879e-01
2.860000000000000142e+01,6.798025293251333423e+00,-3.235534834147906214e+00,6.280009563215009472e+00,-5.651679352975081727e+00,-4.780262495728296201e+00,4.527027694454135442e+00,1.980283459490826958e-01,-1.820070736922274335e-01,-1.338206531064596028e-01,-1.982295549341332452e-01,-4.646280638436648541e-02,2.183002918564072858e-01
2.870000000000000284e+01,6.817822246760341542e+00,-3.253759054446889731e+00,6.266679424339638871e+00,-5.671262436645359450e+00,-4.784901891943005303e+00,4.548852981114243299e+00,1.979098282627936023e-01,-1.824765638153439118e-01,-1.327730062984395776e-01,-1.934398609473997055e-01,-4.632527632949560298e-02,2.182054991008385014e-01
2.880000000000000071e+01,6.837607081791833075e+00,-3.272029993708153395e+00,6.253456764609402363e+00,-5.690368868723542306e+00,-4.789527582527691507e+00,4.570668805805069290e+00,1.977859970702023351e-01,-1.829414578755417520e-01,-1.316712784192927699e-01,-1.886964735124934123e-01,-4.618869228272980826e-02,2.181110522679106378e-01
2.890000000000000213e+01,6.857379273125109975e+00,-3.290347193816952398e+00,6.240346930383352309e+00,-5.709003264888329099e+00,-4.794139661634407190e+00,4.592475203057842847e+00,1.976569742596455959e-01,-1.834017858025506764e-01,-1.305166973116409501e-01,-1.839990921096739951e-01,-4.605304528481408977e-02,2.180169501351803263e-01
2.900000000000000000e+01,6.877138307517522087e+00,-3.308710199679488095e+00,6.227355147348862197e+00,-5.727170210486174362e+00,-4.798738222524040253e+00,4.614272207281044480e+00,1.975228775264538938e-01,-1.838575780694367001e-01,-1.293104487929444268e-01,-1.793474107759434055e-01,-4.591832647159371783e-02,2.179231914703101125e-01
2.910000000000000142e+01,6.896883683291834544e+00,-3.327118559272580711e+00,6.214486524657481858e+00,-5.744874260033659752e+00,-4.803323357575779440e+00,4.636059852759456312e+00,1.973838205054547490e-01,-1.843088656004223114e-01,-1.280536779814681614e-01,-1.747411190274859027e-01,-4.578452707307837516e-02,2.178297750317086945e-01
2.920000000000000284e+01,6.916614909936670053e+00,-3.345571823684386992e+00,6.201746058929832550e+00,-5.762119936809408038e+00,-4.807895158296484617e+00,4.657838173653264136e+00,1.972399128995032946e-01,-1.847556796849761929e-01,-1.267474905825231868e-01,-1.701799027193875713e-01,-4.565163841250903520e-02,2.177366995691490392e-01
2.930000000000000071e+01,6.936331507719521561e+00,-3.364069547146942618e+00,6.189138638134789261e+00,-5.778911732527805434e+00,-4.812453715329962023e+00,4.679607203997220743e+00,1.970912606041014814e-01,-1.851980518977379142e-01,-1.253929541355859878e-01,-1.656634448469867515e-01,-4.551965190542795608e-02,2.176439638243654051e-01
2.940000000000000213e+01,6.956033007312110605e+00,-3.382611287060885541e+00,6.176669045345095199e+00,-5.795254107091035500e+00,-4.816999118466149810e+00,4.701366977699879435e+00,1.969379658281583401e-01,-1.856360140239321221e-01,-1.239910992228304976e-01,-1.611914262923090368e-01,-4.538855905875202601e-02,2.175515665316298808e-01
2.950000000000000000e+01,6.975718949427621496e+00,-3.401196604012965974e+00,6.164341962374032313e+00,-5.811151488413215382e+00,-4.821531456650205882e+00,4.723117528542867483e+00,1.967801272109666044e-01,-1.860695979898999708e-01,-1.225429206398153670e-01,-1.567635265193099980e-01,-4.525835146984989038e-02,2.174595064183091897e-01
2.960000000000000142e+01,6.995388884469410762e+00,-3.419825061786932352e+00,6.152161973297451070e+00,-5.826608272310915382e+00,-4.826050817991510478e+00,4.744858890180227995e+00,1.966178399354687467e-01,-1.864988357983957123e-01,-1.210493785290637364e-01,-1.523794242214459305e-01,-4.512902082562304101e-02,2.173677822054025932e-01
2.970000000000000284e+01,7.015042372190901432e+00,-3.438496227368086799e+00,6.140133567863612640e+00,-5.841628822456952363e+00,-4.830557289772572815e+00,4.766591096137806183e+00,1.964511958378857559e-01,-1.869237594683590131e-01,-1.195113994772655230e-01,-1.480387979244715824e-01,-4.500055890159129074e-02,2.172763926080613917e-01
2.980000000000000071e+01,7.034678981366257133e+00,-3.457209670942058555e+00,6.128261144795323467e+00,-5.856217470392116375e+00,-4.835050958457846271e+00,4.788314179812690696e+00,1.962802835137937851e-01,-1.873444009788491071e-01,-1.179298775769543617e-01,-1.437413265475999402e-01,-4.487295756098275828e-02,2.171853363360907729e-01
2.990000000000000213e+01,7.054298289471412353e+00,-3.475964965888254099e+00,6.116549014988383881e+00,-5.870378515590178203e+00,-4.839531909702455614e+00,4.810028174472706475e+00,1.961051884207331009e-01,-1.877607922168489651e-01,-1.163056754535015669e-01,-1.394866899259450399e-01,-4.474620875382877977e-02,2.170946120944344526e-01
3.000000000000000000e+01,7.073899882375331849e+00,-3.494761688768097230e+00,6.105001404607561355e+00,-5.884116225574978820e+00,-4.844000228360830995e+00,4.831733113255944012e+00,1.959259929774257170e-01,-1.881729649287235961e-01,-1.146396252581926012e-01,-1.352745692964075486e-01,-4.462030451606382314e-02,2.170042185836432158e-01
