0.000000000000000000e+00,2.000000000000000000e+00,2.000000000000000000e+00,0.000000000000000000e+00,0.000000000000000000e+00,2.000000000000000111e-01,-2.000000000000000111e-01,-1.000000000000000021e-02,1.000099999999999947e-02
1.000000000000000056e-01,2.019986695386400744e+00,1.979986788195199798e+00,-8.669538640062969060e-04,1.132218048002681847e-03,1.997334445370958778e-01,-2.002637711827038036e-01,-7.334445370958816816e-03,1.263871182703792291e-02
2.000000000000000111e-01,2.039946596435493920e+00,1.959947338925345450e+00,-1.465964354936517399e-03,2.526810746545277847e-03,1.994641149006418368e-01,-2.005247474922175199e-01,-4.641149006418383849e-03,1.524847492217533060e-02
3.000000000000000444e-01,2.059879426216131293e+00,1.939881932228778583e+00,-1.794262161311820699e-03,4.180977712215703732e-03,1.991920207368753637e-01,-2.007829178240485846e-01,-1.920207368753566908e-03,1.783017824048603248e-02
4.000000000000000222e-01,2.079784908738620430e+00,1.919790849279710665e+00,-1.849087386204926889e-03,6.091907202892141160e-03,1.989171712306888329e-01,-2.010382705631952038e-01,8.282876931118123356e-04,2.038370563195220780e-02
5.000000000000000000e-01,2.099662768909197119e+00,1.899674372439900782e+00,-1.627689091968522947e-03,8.256775600991984529e-03,1.986395751177696400e-01,-2.012907935716458097e-01,3.604248822303790165e-03,2.290893571645828339e-02
6.000000000000000888e-01,2.119512732485708817e+00,1.879532785311583298e+00,-1.127324857085600486e-03,1.067274688416714433e-02,1.983592406967073785e-01,-2.015404741757689522e-01,6.407593032926204787e-03,2.540574175768978149e-02
7.000000000000000666e-01,2.139334526034511796e+00,1.859366372791666944e+00,-3.452603451167843372e-04,1.333697208332885152e-02,1.980761758410818640e-01,-2.017872991535817340e-01,9.238241589181333396e-03,2.787399153581743977e-02
8.000000000000000444e-01,2.159127876888573550e+00,1.839175421127212440e+00,7.212311142672009736e-04,1.624658872787422895e-02,1.977903880115456647e-01,-2.020312547218848509e-01,1.209611988454332120e-02,3.031354721884857439e-02
9.000000000000000222e-01,2.178892513106783113e+00,1.818960217972201976e+00,2.074868932170378759e-03,1.939872027797966830e-02,1.975018842679157893e-01,-2.022723265232529433e-01,1.498115732084198508e-02,3.272426523252955355e-02
1.000000000000000000e+00,2.198628163434475091e+00,1.798721052445619417e+00,3.718365655250583345e-03,2.279047554380388488e-02,1.972106712812889129e-01,-2.025104996128685164e-01,1.789328718711084149e-02,3.510599612868529201e-02
1.100000000000000089e+00,2.218334557265163820e+00,1.778458215190855451e+00,5.654427348366403497e-03,2.641894809144281625e-02,1.969167553461950715e-01,-2.027457584451882455e-01,2.083244653804922422e-02,3.745858445188253449e-02
1.200000000000000178e+00,2.238011424603495669e+00,1.758171998436453443e+00,7.885753965046730582e-03,3.028121563546464640e-02,1.966201423928054526e-01,-2.029780868604306454e-01,2.379857607194556246e-02,3.978186860430632521e-02
1.300000000000000044e+00,2.257658496029428807e+00,1.737862696058216416e+00,1.041503970571617740e-02,3.437433941783572117e-02,1.963208379992095742e-01,-2.032074680708739756e-01,2.679162000790427309e-02,4.207568070873975857e-02
1.400000000000000133e+00,2.277275502663639983e+00,1.717530603642695386e+00,1.324497336360307490e-02,3.869536357304630136e-02,1.960188474037785622e-01,-2.034338846469539164e-01,2.981152596221445239e-02,4.433984646953901404e-02
1.500000000000000000e+00,2.296862176134176980e+00,1.697176018552077004e+00,1.637823865823486227e-02,4.324131447922949234e-02,1.957141755176305675e-01,-2.036573185031497202e-01,3.285824482369435057e-02,4.657418503149713535e-02
1.600000000000000089e+00,2.316418248544359404e+00,1.676799239990494517e+00,1.981751455640888560e-02,4.800920009505599967e-02,1.954068269372158662e-01,-2.038777508836491503e-01,3.593173062784122546e-02,4.877850883649136049e-02
1.700000000000000178e+00,2.335943452441949120e+00,1.656400569071782014e+00,2.356547558051203667e-02,5.299600928217932522e-02,1.950968059570389601e-01,-2.040951623477810228e-01,3.903194042961039695e-02,5.095262347781023826e-02
1.800000000000000044e+00,2.355437520789596118e+00,1.635980308888701051e+00,2.762479210403936264e-02,5.819871111299024236e-02,1.947841165825357490e-01,-2.043095327552058305e-01,4.215883417464260513e-02,5.309632755205812710e-02
1.900000000000000133e+00,2.374900186936584667e+00,1.615538764583655640e+00,3.199813063415611614e-02,6.361425416344292094e-02,1.944687625431246181e-01,-2.045208412508536799e-01,4.531237456875385899e-02,5.520941250853677457e-02
2.000000000000000000e+00,2.394331184591889539e+00,1.595076243420931794e+00,3.668815408110730203e-02,6.923956579068185624e-02,1.941507473054505106e-01,-2.047290662496003832e-01,4.849252694549471138e-02,5.729166249600393251e-02
2.100000000000000089e+00,2.413730247798572481e+00,1.574593054860478736e+00,4.169752201428193750e-02,7.507155139521320963e-02,1.938300740868418859e-01,-2.049341854206711555e-01,5.169925913158116004e-02,5.934285420671171069e-02
2.200000000000000178e+00,2.433097110909530070e+00,1.554089510633266169e+00,4.702889090470417643e-02,8.110709366733849512e-02,1.935067458690007958e-01,-2.051361756717628160e-01,5.493254130999198487e-02,6.136275671762810024e-02
2.300000000000000266e+00,2.452431508564629326e+00,1.533565924818243387e+00,5.268491435371151776e-02,8.734305181756865655e-02,1.931807654119478135e-01,-2.053350131328747497e-01,5.819234588052175916e-02,6.335113132874757580e-02
2.400000000000000355e+00,2.471733175669245774e+00,1.513022613920928627e+00,5.866824330754847466e-02,9.377626079071603449e-02,1.928521352682429912e-01,-2.055306731398397480e-01,6.147864731756997464e-02,6.530773139839750330e-02
2.500000000000000000e+00,2.491001847374241240e+00,1.492459896953663767e+00,6.498152625759101575e-02,1.004035304633623671e-01,1.925208577975059121e-01,-2.057231302175449583e-01,6.479142202494059255e-02,6.723230217544937104e-02
2.600000000000000089e+00,2.510237259057410686e+00,1.471878095517560547e+00,7.162740942589600202e-02,1.072216448243941134e-01,1.921869351812581506e-01,-2.059123580628346717e-01,6.813064818741831896e-02,6.912458062834660188e-02
2.700000000000000178e+00,2.529439146306426967e+00,1.451277533886172311e+00,7.860853693573544021e-02,1.142273611382756127e-01,1.918503694381120672e-01,-2.060983295270861215e-01,7.149630561887923563e-02,7.098429527086107249e-02
2.800000000000000266e+00,2.548607244903324798e+00,1.430658539090926995e+00,8.592755096675624982e-02,1.214174090907291226e-01,1.915111624393315004e-01,-2.062810165984494681e-01,7.488837560668462623e-02,7.281116598449448307e-02
2.900000000000000355e+00,2.567741290810562127e+00,1.410021441008351362e+00,9.358709189438271792e-02,1.287884899164839503e-01,1.911693159247900842e-01,-2.064603903837442245e-01,7.830684075209878858e-02,7.460490383744212972e-02
3.000000000000000000e+00,2.586841020158695326e+00,1.389366572449125314e+00,1.015897984130493953e-01,1.363372755087453037e-01,1.908248315193539213e-01,-2.066364210900039911e-01,8.175168480646052838e-02,7.636521090003990653e-02
3.100000000000000089e+00,2.605906169235716163e+00,1.368694269248995621e+00,1.099383076428409600e-01,1.440604075100421766e-01,1.904777107497168387e-01,-2.068090780056618672e-01,8.522289250283124340e-02,7.809178005661843169e-02
3.200000000000000178e+00,2.624936474478096748e+00,1.348004870361594332e+00,1.186352552190344523e-01,1.519544963840543661e-01,1.901279550617173408e-01,-2.069783294813689611e-01,8.872044938282630522e-02,7.978429481368949638e-02
3.300000000000000266e+00,2.643931672463590399e+00,1.327298717953190321e+00,1.276832753640957663e-01,1.600161204680954075e-01,1.897755658381666544e-01,-2.071441429104396992e-01,9.224434161833314216e-02,8.144242910439697392e-02
3.400000000000000355e+00,2.662891499905845727e+00,1.306576157499417690e+00,1.370850009415477133e-01,1.682418250058206888e-01,1.894205444172200326e-01,-2.073064847089164109e-01,9.579455582779956846e-02,8.306584708916399384e-02
3.500000000000000000e+00,2.681815693650876575e+00,1.285837537884013893e+00,1.468430634912342991e-01,1.766281211598580148e-01,1.890628921113224614e-01,-2.074653202952478070e-01,9.937107888677525203e-02,8.465420295247791382e-02
3.600000000000000089e+00,2.700703990675472621e+00,1.265083211499613780e+00,1.569600932452764608e-01,1.851714850038617133e-01,1.887026102267638505e-01,-2.076206140695750491e-01,1.029738977323612914e-01,8.620714069575027838e-02
3.700000000000000178e+00,2.719556128087579960e+00,1.244313534350629524e+00,1.674387191242029116e-01,1.938683564937017934e-01,1.883397000838772928e-01,-2.077723293926205250e-01,1.066029991612266886e-01,8.772429392620503807e-02
3.800000000000000266e+00,2.738371843128748928e+00,1.223528866158268835e+00,1.782815687125127724e-01,2.027151384173092596e-01,1.879741630379176687e-01,-2.079204285641743366e-01,1.102583696208230407e-01,8.920528564174323716e-02
3.900000000000000355e+00,2.757150873178699335e+00,1.202729570467718334e+00,1.894912682130095727e-01,2.117081953228117375e-01,1.876060005006577047e-01,-2.080648728011746107e-01,1.139399949934225276e-01,9.064972801174603356e-02
4.000000000000000000e+00,2.775892955762079062e+00,1.181916014757540934e+00,2.010704423792105400e-01,2.208438524245868728e-01,1.872352139627406764e-01,-2.082056222153781389e-01,1.176478603725927552e-01,9.205722215378148165e-02
4.100000000000000533e+00,2.794597828557507935e+00,1.161088570551329635e+00,2.130217144249212380e-01,2.301183944866997955e-01,1.868618050168311673e-01,-2.083426357906182635e-01,1.213819498316879297e-01,9.342735790618250658e-02
4.200000000000000178e+00,2.813265229408967283e+00,1.140247613531652382e+00,2.253477059103304314e-01,2.395280646834726523e-01,1.864857753816049901e-01,-2.084758713596483459e-01,1.251422461839497846e-01,9.475971359648342751e-02
4.299999999999999822e+00,2.831894896339639978e+00,1.119393523656337486e+00,2.380510366036023839e-01,2.490690634366209133e-01,1.861071269266236228e-01,-2.086052855805695661e-01,1.289287307337634303e-01,9.605385580569564263e-02
4.400000000000000355e+00,2.850486567568282670e+00,1.098526685277134485e+00,2.511343243171758610e-01,2.587375472286497224e-01,1.857258616981378729e-01,-2.087308339128426671e-01,1.327413830186207899e-01,9.730933912842655575e-02
4.500000000000000000e+00,2.869039981528218597e+00,1.077647487260791070e+00,2.646001847178148791e-01,2.685296273920866339e-01,1.853419819458680673e-01,-2.088524705928846148e-01,1.365801805413190406e-01,9.852570592884606071e-02
4.600000000000000533e+00,2.887554876889074862e+00,1.056756323112599594e+00,2.784512311092521841e-01,2.784413688740009496e-01,1.849554901508117521e-01,-2.089701486092514493e-01,1.404450984918821366e-01,9.970248609251423921e-02
4.700000000000000178e+00,2.906030992581337902e+00,1.035853591102438020e+00,2.926900741866236833e-01,2.884687889756177293e-01,1.845663890541281715e-01,-2.090838196774110203e-01,1.443361094587179150e-01,1.008391967741101430e-01
4.800000000000000711e+00,2.924468067823865702e+00,1.014939694393359071e+00,3.073193217613476302e-01,2.986078560664043868e-01,1.841746816871546455e-01,-2.091934342141092695e-01,1.482531831284531754e-01,1.019353421410926219e-01
4.900000000000000355e+00,2.942865842154457123e+00,9.940150411727638469e-01,3.223415784554344299e-01,3.088544882723578411e-01,1.837803714026094715e-01,-2.092989413113358621e-01,1.521962859739048046e-01,1.029904131133584227e-01
5.000000000000000000e+00,2.961224055463590688e+00,9.730800447861843727e-01,3.377594453640948013e-01,3.192045521381530193e-01,1.833834619070375538e-01,-2.094002887098969090e-01,1.561653809296240925e-01,1.040038870989688641e-01
5.100000000000000533e+00,2.979542448031498925e+00,9.521351238737524314e-01,3.535755196850146054e-01,3.296538612624735354e-01,1.829839572945625992e-01,-2.094974227726019711e-01,1.601604270543735276e-01,1.049752277260195960e-01
5.200000000000000178e+00,2.997820760568657761e+00,9.311807025093470358e-01,3.697923943134256430e-01,3.401981749065285943e-01,1.825818620820033600e-01,-2.095902884570779168e-01,1.641813791799658639e-01,1.059038845707790805e-01
5.300000000000000711e+00,3.016058734259877472e+00,9.102172103424895910e-01,3.864126574012316517e-01,3.508331965751010917e-01,1.821771812454216766e-01,-2.096788292882202642e-01,1.682281875457827258e-01,1.067892928822025966e-01
5.400000000000000355e+00,3.034256110812122209e+00,8.892450827430165017e-01,4.034388918787813472e-01,3.615545725698318669e-01,1.817699202581694040e-01,-2.097629873302973569e-01,1.723007974183055346e-01,1.076308733029734538e-01
5.500000000000000000e+00,3.052412632506190437e+00,8.682647609485341089e-01,4.208736749380997955e-01,3.723578905146558427e-01,1.813600851304994210e-01,-2.098427031587249969e-01,1.763991486950052812e-01,1.084280315872499095e-01
5.600000000000000533e+00,3.070528042252466339e+00,8.472766922147417779e-01,4.387195774753408495e-01,3.832386778525793680e-01,1.809476824508203241e-01,-2.099179158315281901e-01,1.805231754917963061e-01,1.091801583152816474e-01
5.700000000000000178e+00,3.088602083650866970e+00,8.262813299686065927e-01,4.569791634913324407e-01,3.941924003139327115e-01,1.805327194286636128e-01,-2.099885628605141774e-01,1.846728057133633916e-01,1.098866286051416591e-01
5.800000000000000711e+00,3.106634501055170361e+00,8.052791339644321811e-01,4.756549894482966501e-01,4.052144603556749880e-01,1.801152039394428028e-01,-2.100545801821806502e-01,1.888479606055715465e-01,1.105468018218063869e-01
5.900000000000000355e+00,3.124625039641934166e+00,7.842705704428665214e-01,4.947496035806616677e-01,4.163001955713319102e-01,1.796951445710881223e-01,-2.101159021283853234e-01,1.930485542891184070e-01,1.111600212838528973e-01
6.000000000000000000e+00,3.142573445484150962e+00,7.632561122928331887e-01,5.142655451584925430e-01,4.274448770716644530e-01,1.792725506726352280e-01,-2.101724613968103395e-01,1.972744932736473777e-01,1.117256139681032379e-01
6.100000000000000533e+00,3.160479465629860041e+00,7.422362392164242317e-01,5.342053437014020467e-01,4.386437078357540154e-01,1.788474324048552888e-01,-2.102241890212543929e-01,2.015256759514466867e-01,1.122428902125436334e-01
6.200000000000000178e+00,3.178342848185967018e+00,7.212114378967984241e-01,5.545715181403305660e-01,4.498918210320123623e-01,1.784198007930233865e-01,-2.102710143417892141e-01,2.058019920697658212e-01,1.127111434178919430e-01
6.300000000000000711e+00,3.196163342407404961e+00,7.001822021690353726e-01,5.753665759259503076e-01,4.611842783096422038e-01,1.779896677819055584e-01,-2.103128649748267354e-01,2.101033221809440465e-01,1.131296497482671137e-01
6.400000000000000355e+00,3.213940698791934114e+00,6.791490331940051028e-01,5.965930120806599568e-01,4.725160680599448382e-01,1.775570462930702864e-01,-2.103496667831394884e-01,2.144295370692966551e-01,1.134976678313944082e-01
6.500000000000000000e+00,3.231674669180806703e+00,6.581124396352419081e-01,6.182533081919323603e-01,4.838821036475773885e-01,1.771219502846217153e-01,-2.103813438458874974e-01,2.187804971537823939e-01,1.138144384588746227e-01
6.600000000000000533e+00,3.249365006865478911e+00,6.370729378387797182e-01,6.403499313452098995e-01,4.952772216121985593e-01,1.766843948134481090e-01,-2.104078184287100362e-01,2.231560518655184844e-01,1.140791842870999689e-01
6.700000000000000178e+00,3.267011466700726174e+00,6.160310520160072745e-01,6.628853329927377747e-01,5.066961798399236550e-01,1.762443961001039505e-01,-2.104290109539392883e-01,2.275560389989602361e-01,1.142911095393924631e-01
6.800000000000000711e+00,3.284613805224378957e+00,5.949873144294850480e-01,6.858619477562113431e-01,5.181336557051449132e-01,1.758019715964283247e-01,-2.104448399710076856e-01,2.319802840357165219e-01,1.144493997100765048e-01
6.900000000000000355e+00,3.302171780783926369e+00,5.739422655816914798e-01,7.092821921607362912e-01,5.295842441830809211e-01,1.753571400560068327e-01,-2.104552221271223933e-01,2.364285994399314694e-01,1.145532212712236098e-01
7.000000000000000000e+00,3.319685153670358435e+00,5.528964544067092035e-01,7.331484632964155868e-01,5.410424559329042316e-01,1.749099216076031027e-01,-2.104600721382848538e-01,2.409007839239685200e-01,1.146017213828481318e-01
7.100000000000000533e+00,3.337153686259493490e+00,5.318504384647818606e-01,7.574631374050648791e-01,5.525027153521756551e-01,1.744603378316719744e-01,-2.104593027607465361e-01,2.453966216832800251e-01,1.145940276074650238e-01
7.200000000000000178e+00,3.354577143161050490e+00,5.108047841396651245e-01,7.822285683894929509e-01,5.639593586033436745e-01,1.740084118400668234e-01,-2.104528247629961768e-01,2.499158815993313409e-01,1.145292476299615836e-01
7.300000000000000711e+00,3.371955291375973829e+00,4.897600668388104594e-01,8.074470862402619575e-01,5.754066316118892077e-01,1.735541683590917372e-01,-2.104405468983774063e-01,2.544583164090822303e-01,1.144064689837738374e-01
7.400000000000000355e+00,3.389287900462146119e+00,4.687168711962038659e-01,8.331209953785408961e-01,5.868386880379550252e-01,1.730976338159990191e-01,-2.104223758784558584e-01,2.590236618400093560e-01,1.142247587845582613e-01
7.500000000000000000e+00,3.406574742708948556e+00,4.476757912778348558e-01,8.592525729105148224e-01,5.982495872216454513e-01,1.726388364290761257e-01,-2.103982163472534195e-01,2.636116357092381790e-01,1.139831634725337467e-01
7.600000000000000533e+00,3.423815593321057449e+00,4.266374307897151663e-01,8.858440667894267317e-01,6.096332921028412288e-01,1.721778063014604288e-01,-2.103679708564808182e-01,2.682219369853951485e-01,1.136807085648079696e-01
7.700000000000000178e+00,3.441010230611759813e+00,4.056024032882907804e-01,9.128976938824009402e-01,6.209836671170864131e-01,1.717145755188042022e-01,-2.103315398419152438e-01,2.728542448119574138e-01,1.133163984191521145e-01
7.800000000000000711e+00,3.458158436206219655e+00,3.845713323931461702e-01,9.404156379378041386e-01,6.322944760685316190e-01,1.712491782509320271e-01,-2.102888216010718736e-01,2.775082174906792765e-01,1.128892160107183157e-01
7.900000000000000355e+00,3.475259995255213674e+00,3.635448520019200491e-01,9.684000474478640097e-01,6.435593799807947102e-01,1.707816508576499859e-01,-2.102397122723357603e-01,2.821834914234995773e-01,1.123981227233573216e-01
8.000000000000000000e+00,3.492314696659551299e+00,3.425236065071688429e-01,9.968530334044858332e-01,6.547719349283080970e-01,1.703120319988177256e-01,-2.101841058157364328e-01,2.868796800118222912e-01,1.118420581573639355e-01
8.099999999999999645e+00,3.509322333305781694e+00,3.215082510150973905e-01,1.025776666942181503e+00,6.659255898490219483e-01,1.698403627488520862e-01,-2.101218939955517562e-01,2.915963725114785188e-01,1.112199399555173635e-01
8.200000000000001066e+00,3.526282702313594974e+00,3.004994515659316079e-01,1.055172976864051648e+00,6.770136843406762139e-01,1.693666867158022116e-01,-2.100529663649513545e-01,2.963331328419773203e-01,1.105306636495131806e-01
8.300000000000000711e+00,3.543195605295266670e+00,2.794978853556751019e-01,1.085043947047331425e+00,6.880294464432417101e-01,1.688910501651228746e-01,-2.099772102529021411e-01,3.010894983487705789e-01,1.097731025290210327e-01
8.400000000000000355e+00,3.560060848627842223e+00,2.585042409591035706e-01,1.115391513721574190e+00,6.989659904089584597e-01,1.684135021483238182e-01,-2.098945107535685473e-01,3.058649785167613655e-01,1.089461075356850800e-01
8.500000000000000000e+00,3.576878243738373264e+00,2.375192185536572353e-01,1.146217562616265395e+00,7.098163144634228594e-01,1.679340946366158493e-01,-2.098047507184690463e-01,3.106590536338411646e-01,1.080485071846901679e-01
8.599999999999999645e+00,3.593647607402763011e+00,2.165435301439654903e-01,1.177523925972364438e+00,7.205732985603404694e-01,1.674528826597019848e-01,-2.097078107516591461e-01,3.154711734029796988e-01,1.070791075165911516e-01
8.700000000000001066e+00,3.610368762058817182e+00,1.955778997867121116e-01,1.209312379411827454e+00,7.312297021328710844e-01,1.669699244498685231e-01,-2.096035692082322821e-01,3.203007555013143159e-01,1.060366920823226367e-01
8.800000000000000711e+00,3.627041536133893018e+00,1.746230638154419312e-01,1.241584638661067386e+00,7.417781618455734360e-01,1.664852815914928952e-01,-2.094919021964563588e-01,3.251471840850707062e-01,1.049200219645632093e-01
8.900000000000000355e+00,3.643665764387813422e+00,1.536797710649715210e-01,1.274342356121862752e+00,7.522111893502793079e-01,1.659990191761185341e-01,-2.093726835838734257e-01,3.300098082388143728e-01,1.037278358387339755e-01
9.000000000000000000e+00,3.660241288271608884e+00,1.327487830949918846e-01,1.307587117283909084e+00,7.625211690500773853e-01,1.655112059632313504e-01,-2.092457850077235337e-01,3.348879403676859323e-01,1.024588500772350974e-01
9.099999999999999645e+00,3.676767956302555262e+00,1.118308744123694826e-01,1.341320436974442698e+00,7.727003558763009261e-01,1.650219145468412585e-01,-2.091110758900721622e-01,3.397808545315870732e-01,1.011117589007214379e-01
9.200000000000001066e+00,3.693245624456239717e+00,9.092683269170966087e-02,1.375543755437603988e+00,7.827408730828941952e-01,1.645312215280096690e-01,-2.089684234580435895e-01,3.446877847199030231e-01,9.968523458043555829e-02
9.300000000000000711e+00,3.709674156576112658e+00,7.003745899359978266e-02,1.410258434238873315e+00,7.926347100639935528e-01,1.640392076934080179e-01,-2.088176927695953589e-01,3.496079230659193127e-01,9.817792769595320990e-02
9.400000000000000355e+00,3.726053424801232250e+00,4.916356797998780448e-02,1.445465751987677905e+00,8.023737202001151037e-01,1.635459582000164669e-01,-2.086587467452863109e-01,3.545404179998348781e-01,9.658846745286267521e-02
9.500000000000000000e+00,3.742383310012811659e+00,2.830598812607509895e-02,1.481166899871880327e+00,8.119496187392438724e-01,1.630515627660503175e-01,-2.084914462065273477e-01,3.594843723394963719e-01,9.491546206527307072e-02
9.600000000000001421e+00,3.758663702300129028e+00,7.465561928020836291e-03,1.517362976998710700e+00,8.213539807197831610e-01,1.625561158681690932e-01,-2.083156499208297097e-01,3.644388413183085595e-01,9.315749920829673181e-02
9.700000000000001066e+00,3.774894501446523165e+00,-1.335685389423071912e-02,1.554054985534768729e+00,8.305782389422984302e-01,1.620597169450403441e-01,-2.081312146545950259e-01,3.694028305495961062e-01,9.131314654595010238e-02
9.800000000000000711e+00,3.791075617435998968e+00,-3.416038819983208130e-02,1.591243825640007437e+00,8.396136819983126554e-01,1.615624706072684713e-01,-2.079379952340278392e-01,3.743752939273148894e-01,8.938095234027798597e-02
9.900000000000000355e+00,3.807206970981218852e+00,-5.494415523640477916e-02,1.628930290187808883e+00,8.484514523640402928e-01,1.610644868537274288e-01,-2.077358446147750670e-01,3.793551314627252036e-01,8.735944614775036088e-02
1.000000000000000000e+01,3.823288494073391774e+00,-7.570725445686107835e-02,1.667115059266080834e+00,8.570825445686039989e-01,1.605658812942631353e-01,-2.075246139609422114e-01,3.843411870573683053e-01,8.524713960942173485e-02
1.010000000000000142e+01,3.839320130554784161e+00,-9.644877034461162013e-02,1.705798694452159925e+00,8.654978034461063841e-01,1.600667753787398395e-01,-2.073041527341594470e-01,3.893322462126011518e-01,8.304252734159404958e-02
1.020000000000000107e+01,3.855301836714427388e+00,-1.171677722482193512e-01,1.744981632855728382e+00,8.736879224821844092e-01,1.595672966323511688e-01,-2.070743087934152626e-01,3.943270336764877482e-01,8.074408793415234487e-02
1.030000000000000071e+01,3.871233581907667975e+00,-1.378633142266061651e-01,1.784664180923319909e+00,8.816434422660534009e-01,1.590675788970924709e-01,-2.068349285064038645e-01,3.993242110290746716e-01,7.835028506403841908e-02
1.040000000000000036e+01,3.887115349200184866e+00,-1.585344349059957247e-01,1.824846507998148626e+00,8.893547490599493788e-01,1.585677625792555057e-01,-2.065858568731743505e-01,4.043223742074443794e-01,7.585956873174311277e-02
1.050000000000000000e+01,3.902947136037033360e+00,-1.791801573498755795e-01,1.865528639629667529e+00,8.968120734987481413e-01,1.580679949027519460e-01,-2.063269376629039975e-01,4.093200509724800318e-01,7.327037662903984616e-02
1.060000000000000142e+01,3.918728954937306330e+00,-1.997994889433288568e-01,1.906710450626938336e+00,9.040054894332782975e-01,1.575684301680356503e-01,-2.060580135646568334e-01,4.143156983196428222e-01,7.058113564656803840e-02
1.070000000000000107e+01,3.934460834214954073e+00,-2.203914212931769867e-01,1.948391657850459646e+00,9.109249129317610327e-01,1.570692300163344934e-01,-2.057789263530222235e-01,4.193076998366545016e-01,6.779026353022199469e-02
1.080000000000000071e+01,3.950142818726287253e+00,-2.409549301454693149e-01,1.990571812737126134e+00,9.175601014546848067e-01,1.565705636988528882e-01,-2.054895170695685558e-01,4.242943630114705544e-01,6.489617069568530405e-02
1.090000000000000036e+01,3.965774970644628361e+00,-2.614889753219462598e-01,2.033250293553715338e+00,9.239006532194542487e-01,1.560726083505356576e-01,-2.051896262210798072e-01,4.292739164946430264e-01,6.189726221079783208e-02
1.100000000000000000e+01,3.981357370262537554e+00,-2.819925006772137088e-01,2.076426297374622809e+00,9.299360067721295087e-01,1.555755492679165297e-01,-2.048790939955797696e-01,4.342445073208343609e-01,5.879193995579740789e-02
1.110000000000000142e+01,3.996890116822021888e+00,-3.024644340784452545e-01,2.120098831779778870e+00,9.356554407844426269e-01,1.550795801905061611e-01,-2.045577604971777208e-01,4.392041980949378255e-01,5.557860497177693343e-02
1.120000000000000107e+01,4.012373329373022379e+00,-3.229036874095573828e-01,2.164266706269769802e+00,9.410480740955642354e-01,1.545849035850841435e-01,-2.042254660008047951e-01,4.441509641491581117e-01,5.225566000804755806e-02
1.130000000000000071e+01,4.027807147660453779e+00,-3.433091566018988683e-01,2.208928523395456534e+00,9.461028660189798600e-01,1.540917309321780670e-01,-2.038820512279344854e-01,4.490826906782189321e-01,4.882151227934457272e-02
1.140000000000000036e+01,4.043191733039957825e+00,-3.636797216936080712e-01,2.254082669600417255e+00,9.508086169360727702e-01,1.536002830139116815e-01,-2.035273576444077415e-01,4.539971698608826767e-01,4.527457644407704984e-02
1.150000000000000000e+01,4.058527269422482320e+00,-3.840142469199034903e-01,2.299727305775168151e+00,9.551539691990276193e-01,1.531107902023073064e-01,-2.031612277815018908e-01,4.588920979769264830e-01,4.161327781501857059e-02
1.160000000000000142e+01,4.073813964247669617e+00,-4.043115808366924968e-01,2.345860357523300799e+00,9.591274083669145689e-01,1.526234927470117297e-01,-2.027835055814006249e-01,4.637650725298821386e-01,3.783605581400610596e-02
1.170000000000000107e+01,4.089052049485929707e+00,-4.245705564799964193e-01,2.392479505140693963e+00,9.627172647999551192e-01,1.521386410612975137e-01,-2.023940367682310615e-01,4.686135893870244096e-01,3.394136768231040269e-02
1.180000000000000071e+01,4.104241782668993643e+00,-4.447899915638067747e-01,2.439582173310056223e+00,9.659117156380593316e-01,1.516564960050675037e-01,-2.019926692458368644e-01,4.734350399493244543e-01,2.992769245836843228e-02
1.190000000000000036e+01,4.119383447948542276e+00,-4.649686887191012974e-01,2.487165520514563077e+00,9.686987871910051062e-01,1.511773291634523897e-01,-2.015792535234545713e-01,4.782267083654756501e-01,2.579353523454551780e-02
1.200000000000000000e+01,4.134477357182421819e+00,-4.851054357768749825e-01,2.535226428175767488e+00,9.710663577687432824e-01,1.507014231194475085e-01,-2.011536431704453176e-01,4.829857688055244624e-01,2.153743170445302640e-02
1.210000000000000142e+01,4.149523851047747236e+00,-5.051990060981416120e-01,2.583761489522517163e+00,9.730021609814061279e-01,1.502290717188868863e-01,-2.007156953012115552e-01,4.877092828111309064e-01,1.715795301211534701e-02
1.220000000000000107e+01,4.164523300180047016e+00,-5.252481589539805817e-01,2.632766998199515651e+00,9.744937895397968175e-01,1.497605803258894031e-01,-2.002652710913953582e-01,4.923941967411057385e-01,1.265371091395355203e-02
1.230000000000000071e+01,4.179476106337393304e+00,-5.452516399588174245e-01,2.682238936626055281e+00,9.755286995881662371e-01,1.492962660667452590e-01,-1.998022363264065904e-01,4.970373393325470679e-01,8.023363264065618700e-03
1.240000000000000036e+01,4.194382703588246386e+00,-5.652081815602084669e-01,2.732172964117528746e+00,9.760942156020766536e-01,1.488364580600373965e-01,-1.993264619832679774e-01,5.016354193996256372e-01,3.265619832679725939e-03
1.250000000000000000e+01,4.209243559521527622e+00,-5.851165035885177446e-01,2.782564404784709122e+00,9.761775358851708662e-01,1.483814976306083999e-01,-1.988378248466891318e-01,5.061850236939157144e-01,-1.620751533108758663e-03
1.260000000000000142e+01,4.224059176477179101e+00,-6.049753138699475175e-01,2.833408235228198624e+00,9.757657386994657012e-01,1.479317385047962397e-01,-1.983362081601834359e-01,5.106826149520373725e-01,-6.636918398165807947e-03
1.270000000000000107e+01,4.238830092795184967e+00,-6.247833089064581680e-01,2.884699072048142021e+00,9.748457890645729762e-01,1.474875469841693820e-01,-1.978215023129315797e-01,5.151245301583057268e-01,-1.178397687068447053e-02
1.280000000000000071e+01,4.253556884080778033e+00,-6.445391746261934784e-01,2.936431159192216533e+00,9.734045462619271838e-01,1.470493020947921392e-01,-1.972936055629590513e-01,5.195069790520782105e-01,-1.706294437040970988e-02
1.290000000000000036e+01,4.268240164483213306e+00,-6.642415872080503769e-01,2.988598355167866316e+00,9.714287720804956061e-01,1.466173957088528768e-01,-1.967524247970366402e-01,5.238260429114708350e-01,-2.247475202963380991e-02
1.300000000000000000e+01,4.282880587985185450e+00,-6.838892139840868634e-01,3.041194120148135394e+00,9.689051398408620175e-01,1.461922326352854684e-01,-1.961978763275326887e-01,5.280776736471448629e-01,-2.802023672467331833e-02
1.310000000000000142e+01,4.297478849699611025e+00,-7.034807144234686005e-01,3.094211503003880814e+00,9.658202442346769390e-01,1.457742306758124384e-01,-1.956298867262360464e-01,5.322576932418752182e-01,-3.370013273763972084e-02
1.320000000000000107e+01,4.312035687170123310e+00,-7.230147412016311170e-01,3.147643128298759141e+00,9.621606120163027631e-01,1.453638206426432489e-01,-1.950483936949309882e-01,5.363617935735669473e-01,-3.951506305069033692e-02
1.330000000000000071e+01,4.326551881671263367e+00,-7.424899413583250229e-01,3.201481183287360199e+00,9.579127135832419260e-01,1.449614463338677051e-01,-1.944533469722407037e-01,5.403855366613223854e-01,-4.546553027759323018e-02
1.340000000000000036e+01,4.341028259503918463e+00,-7.619049575481240399e-01,3.255717404960806416e+00,9.530629754812320886e-01,1.445675644624014322e-01,-1.938447092759545687e-01,5.443243553759853359e-01,-5.155190724045431716e-02
1.350000000000000000e+01,4.355465693281159290e+00,-7.812584293868937158e-01,3.310343067188402433e+00,9.475977938689296165e-01,1.441826445341711782e-01,-1.932224572797247575e-01,5.481735546582877650e-01,-5.777442720275243609e-02
1.360000000000000142e+01,4.369865103199161105e+00,-8.005489948975933467e-01,3.365348968008381458e+00,9.415035489759233656e-01,1.438071686710712116e-01,-1.925865826226529909e-01,5.519283132892873756e-01,-6.413317377347015069e-02
1.370000000000000107e+01,4.384227458287481838e+00,-8.197752920585987813e-01,3.420725417125177970e+00,9.347666205859790356e-01,1.434416313740874416e-01,-1.919370929498830369e-01,5.555836862591252423e-01,-7.062807050116945429e-02
1.380000000000000071e+01,4.398553777632454143e+00,-8.389359604575427065e-01,3.476462223675459207e+00,9.273734045754188360e-01,1.430865392218768350e-01,-1.912740129818828461e-01,5.591346077812312521e-01,-7.725887018117157112e-02
1.390000000000000036e+01,4.412845131567011414e+00,-8.580296430534040120e-01,3.532548684329877897e+00,9.193103305340332154e-01,1.427424105000079380e-01,-1.905973856096273289e-01,5.625758949999202230e-01,-8.402514390372674280e-02
1.400000000000000000e+01,4.427102642819776612e+00,-8.770549880492751749e-01,3.588973571802233753e+00,9.105638804927449481e-01,1.424097747560224558e-01,-1.899072730123797237e-01,5.659022524397748777e-01,-9.092626987620279488e-02
1.410000000000000142e+01,4.441327487615728487e+00,-8.960106508778803436e-01,3.645725123842710858e+00,9.011206087787946295e-01,1.420891722754739350e-01,-1.892037577942344007e-01,5.691082772452602523e-01,-9.796142205765601130e-02
1.420000000000000107e+01,4.455520896720350343e+00,-9.148952963014913564e-01,3.702791032796494353e+00,8.909671630149056387e-01,1.417811534741422463e-01,-1.884869441350031649e-01,5.721884652585771391e-01,-1.051295586499685075e-01
1.430000000000000071e+01,4.469684156418572307e+00,-9.337076006274767082e-01,3.760158435814275446e+00,8.800903062747595929e-01,1.414862782017111131e-01,-1.877569589504300418e-01,5.751372179828884157e-01,-1.124294104956996554e-01
1.440000000000000036e+01,4.483818609419492063e+00,-9.524462540400754351e-01,3.817813905805079067e+00,8.684769404007466331e-01,1.412051149523599614e-01,-1.870139530560717411e-01,5.779488504763998780e-01,-1.198594694392826898e-01
1.450000000000000000e+01,4.497925655677338597e+00,-9.711099630484590906e-01,3.875743443226614016e+00,8.561141304845847344e-01,1.409382399779353923e-01,-1.862581023285344584e-01,5.806176002206453468e-01,-1.274179767146554343e-01
1.460000000000000142e+01,4.512006753118635416e+00,-9.896974530505908696e-01,3.933932468813646999e+00,8.429891305058988538e-01,1.406862362996530724e-01,-1.854896088571130475e-01,5.831376370034687673e-01,-1.351029114288694877e-01
1.470000000000000107e+01,4.526063418265390936e+00,-1.008207471011343337e+00,3.992365817346093859e+00,8.290894101134242966e-01,1.404496926146723557e-01,-1.847087020781181810e-01,5.855030738532758239e-01,-1.429119792188182636e-01
1.480000000000000071e+01,4.540097226743527337e+00,-1.026638788252882462e+00,4.051027732564727479e+00,8.144026825288159799e-01,1.402292020943205209e-01,-1.839156398835747885e-01,5.877079790567941719e-01,-1.508426011642520770e-01
1.490000000000000036e+01,4.554109813665558448e+00,-1.044990203354301039e+00,4.109901863344414430e+00,7.989169335430020835e-01,1.400253610713007024e-01,-1.831107096952633295e-01,5.897463892869925228e-01,-1.588919030473667227e-01
1.500000000000000000e+01,4.568102873876412673e+00,-1.063260545156463399e+00,4.168971261235872916e+00,7.826204515646248971e-01,1.398387676138627411e-01,-1.822942294943629138e-01,5.916123238613719693e-01,-1.670567050563709632e-01
1.510000000000000142e+01,4.582078162050900794e+00,-1.081448675867224152e+00,4.228218379490992440e+00,7.655018586722307505e-01,1.396700199856479307e-01,-1.814665487964025881e-01,5.932998001435200175e-01,-1.753335120359742483e-01
1.520000000000000107e+01,4.596037492631556809e+00,-1.099553494260832265e+00,4.287625073684440125e+00,7.475501426083110967e-01,1.395197149907773104e-01,-1.806280495605224190e-01,5.948028500922263317e-01,-1.837185043947758001e-01
1.530000000000000071e+01,4.609982739595027468e+00,-1.117573938964736113e+00,4.347172604049727163e+00,7.287546896473521274e-01,1.393884462046722783e-01,-1.797791470216615062e-01,5.961155379532767640e-01,-1.922075297833849283e-01
1.540000000000000036e+01,4.623915836036152527e+00,-1.135508991824999425e+00,4.406841639638481745e+00,7.091053182499859053e-01,1.392768020921943406e-01,-1.789202904335638333e-01,5.972319790780562521e-01,-2.007960956643618788e-01
1.550000000000000000e+01,4.637838773558202732e+00,-1.153357681341172114e+00,4.466612264417977762e+00,6.885923134117133415e-01,1.391853640157915128e-01,-1.780519637103541997e-01,5.981463598420844185e-01,-2.094793628964580212e-01
1.560000000000000142e+01,4.651753601458575638e+00,-1.171119086159735367e+00,4.526463985414252988e+00,6.672064615973429813e-01,1.391147041376238902e-01,-1.771746859540117569e-01,5.988529586237607560e-01,-2.182521404598825043e-01
1.570000000000000107e+01,4.665662425699658833e+00,-1.188792338614018229e+00,4.586375743003416439e+00,6.449390861401734787e-01,1.390653832209693408e-01,-1.762890118548715856e-01,5.993461677903061391e-01,-2.271088814512843834e-01
1.580000000000000071e+01,4.679567407655040867e+00,-1.206376628297302300e+00,4.646325923449600381e+00,6.217820829730142940e-01,1.390379483376338876e-01,-1.753955319523296807e-01,5.996205166236606710e-01,-2.360436804767034324e-01
1.590000000000000036e+01,4.693470762622261816e+00,-1.223871205654348371e+00,4.706292373777389848e+00,5.977279565434744368e-01,1.390329304895882578e-01,-1.744948727429178892e-01,5.996706951041171907e-01,-2.450502725708214036e-01
1.600000000000000000e+01,4.707374758093456180e+00,-1.241275385575880019e+00,4.766252419065446944e+00,5.727698557587928008e-01,1.390508421545722795e-01,-1.735876966234381757e-01,5.994915784542766968e-01,-2.541220337656186490e-01
1.610000000000000142e+01,4.721281711777655765e+00,-1.258588550978282816e+00,4.826182882223450932e+00,5.469016097828196532e-01,1.390921747670507136e-01,-1.726747016568800086e-01,5.990782523294925221e-01,-2.632519834312000984e-01
1.619999999999999929e+01,4.735193989368251977e+00,-1.275810156350754010e+00,4.886060106317486884e+00,5.201177635075333594e-01,1.391573961474306398e-01,-1.717566211499621798e-01,5.984260385256932047e-01,-2.724327885003784422e-01
1.630000000000000071e+01,4.749114002051411099e+00,-1.292939731250319912e+00,4.945859979485898172e+00,4.924136125031902123e-01,1.392469478940954741e-01,-1.708342230317217159e-01,5.975305210590446947e-01,-2.816567696827831369e-01
1.640000000000000213e+01,4.763044203752521355e+00,-1.309976883724351060e+00,5.005557962474799893e+00,4.637852372434991266e-01,1.393612427543450272e-01,-1.699083090237091809e-01,5.963875724565493863e-01,-2.909159097629085422e-01
1.650000000000000000e+01,4.776987088119398095e+00,-1.326921303639334138e+00,5.065129118806031450e+00,4.342295363933326713e-01,1.395006619918293389e-01,-1.689797135936919603e-01,5.949933800817062135e-01,-3.002018640630808588e-01
1.660000000000000142e+01,4.790945185242984294e+00,-1.343772765893836318e+00,5.124548147570170187e+00,4.037442589383514191e-01,1.396655527694691812e-01,-1.680493026862056316e-01,5.933444723053077352e-01,-3.095059731379440904e-01
1.669999999999999929e+01,4.804921058117588295e+00,-1.360531133493358746e+00,5.183789418824122031e+00,3.723280349335791328e-01,1.398562255680994848e-01,-1.671179722252396638e-01,5.914377443190048655e-01,-3.188192777476037687e-01
1.680000000000000071e+01,4.818917298846066899e+00,-1.377196360463702751e+00,5.242827011539340276e+00,3.399804046370171751e-01,1.400729516622415960e-01,-1.661866463859180687e-01,5.892704833775838091e-01,-3.281325361408197749e-01
1.690000000000000213e+01,4.832936524596225247e+00,-1.393768494580001960e+00,5.301634754037761965e+00,3.067018458000075332e-01,1.403159606752680810e-01,-1.652562756345589690e-01,5.868403932473189588e-01,-3.374362436544107724e-01
1.700000000000000000e+01,4.846981373317456487e+00,-1.410247679888332772e+00,5.360186266825444967e+00,2.724937988833205371e-01,1.405854382369392253e-01,-1.643278345386992023e-01,5.841456176306075720e-01,-3.467206546130083278e-01
1.710000000000000142e+01,4.861054499229543246e+00,-1.426634158996820778e+00,5.418455007704576332e+00,2.373586899681977558e-01,1.408815237667444265e-01,-1.634023193509566430e-01,5.811847623325554490e-01,-3.559758064904341990e-01
1.719999999999999929e+01,4.875158568096908063e+00,-1.442928275114171432e+00,5.476414319030922684e+00,2.012999511417090659e-01,1.412043084065890408e-01,-1.624807453735102603e-01,5.779569159341091389e-01,-3.651915462648979704e-01
1.730000000000000071e+01,4.889296252304523804e+00,-1.459130473814087559e+00,5.534037476954769552e+00,1.643220381408675990e-01,1.415538331262243821e-01,-1.615641441125027777e-01,5.744616687377557263e-01,-3.743575588749727956e-01
1.740000000000000213e+01,4.903470225754080758e+00,-1.475241304505043205e+00,5.591297742459203413e+00,1.264304450504203647e-01,1.419300870243162260e-01,-1.606535602343738822e-01,5.706991297568372312e-01,-3.834633976562614732e-01
1.750000000000000000e+01,4.917683158600904214e+00,-1.491261421586435487e+00,5.648168413990962478e+00,8.763171586434666260e-02,1.423330058471937443e-01,-1.597500483390008608e-01,5.666699415280619379e-01,-3.924985166099919098e-01
1.760000000000000142e+01,4.931937711854514461e+00,-1.507191585273606860e+00,5.704622881454869621e+00,4.793345273605834761e-02,1.427624707461214726e-01,-1.588546695671369524e-01,5.623752925387847101e-01,-4.014523043286309933e-01
1.769999999999999929e+01,4.946236531867624464e+00,-1.523032662076147181e+00,5.760634681323758777e+00,7.344320761464698255e-03,1.432183072923637890e-01,-1.579684880622686804e-01,5.578169270763616572e-01,-4.103141193773136575e-01
1.780000000000000071e+01,4.960582244740328051e+00,-1.538785624916029215e+00,5.816177552596728972e+00,-3.412595083971813048e-02,1.437002847674093142e-01,-1.570925673094569763e-01,5.529971523259062938e-01,-4.190733269054305876e-01
1.790000000000000213e+01,4.974977450667655177e+00,-1.554451552874510201e+00,5.871225493323461109e+00,-7.646657125490977092e-02,1.442081157434571548e-01,-1.562279663760173243e-01,5.479188425654281103e-01,-4.277193362398271637e-01
1.800000000000000000e+01,4.989424718260224267e+00,-1.570031630559309610e+00,5.925752817397766492e+00,-1.196656944069122985e-01,1.447414559666941880e-01,-1.553757360808766252e-01,5.425854403330576670e-01,-4.362416391912342650e-01
1.810000000000000142e+01,5.003926578868823860e+00,-1.585527147086321698e+00,5.979734211311771297e+00,-1.637104291367936226e-01,1.452999045530500577e-01,-1.545369151211467840e-01,5.370009544694988035e-01,-4.446298487885326778e-01
1.819999999999999929e+01,5.018485520944420131e+00,-1.600939494673110364e+00,6.033144790555802217e+00,-2.085868532689038324e-01,1.458830045030038991e-01,-1.537125261858706682e-01,5.311699549699606671e-01,-4.528737381412940022e-01
1.830000000000000071e+01,5.033103984465786773e+00,-1.616270166844410827e+00,6.085960155342140965e+00,-2.542800315559011204e-01,1.464902435387172297e-01,-1.529035720878238191e-01,5.250975646128273056e-01,-4.609632791217624370e-01
1.840000000000000213e+01,5.047784355466991002e+00,-1.631520756253007853e+00,6.138156445330107402e+00,-3.007740374699347519e-01,1.471210552633241408e-01,-1.521110319448661097e-01,5.187894473667580275e-01,-4.688886805513394762e-01
1.850000000000000000e+01,5.062528960696692337e+00,-1.646692952122593701e+00,6.189710393033087676e+00,-3.480519787740699034e-01,1.477748206386732543e-01,-1.513358574425026359e-01,5.122517936132668925e-01,-4.766404255749744356e-01
1.860000000000000142e+01,5.077340062440947044e+00,-1.661788537322203219e+00,6.240599375590537790e+00,-3.960960267779783384e-01,1.484508697742353833e-01,-1.505789692089162801e-01,5.054913022576456028e-01,-4.842093079108377718e-01
1.869999999999999929e+01,5.092219853539999619e+00,-1.676809385085050064e+00,6.290801464600005666e+00,-4.448874491495055650e-01,1.491484840163811998e-01,-1.498412533330620855e-01,4.985151598361873271e-01,-4.915864666693797735e-01
1.880000000000000071e+01,5.107170452628374768e+00,-1.691757455387616460e+00,6.340295473716263785e+00,-4.944066461238448285e-01,1.498668983238068964e-01,-1.491235580551709128e-01,4.913310167619303059e-01,-4.987634194482916117e-01
1.890000000000000213e+01,5.122193899626193314e+00,-1.706634791007498153e+00,6.389061003738073730e+00,-5.446331899250310693e-01,1.506053039115883840e-01,-1.484266906572971334e-01,4.839469608841155956e-01,-5.057320934270292945e-01
1.900000000000000000e+01,5.137292151507440785e+00,-1.721443513281428528e+00,6.437078484925601529e+00,-5.955458671857229991e-01,1.513628511433582347e-01,-1.477514145795857936e-01,4.763714885664168119e-01,-5.124848542041428034e-01
1.910000000000000142e+01,5.152467078368903053e+00,-1.736185817587173830e+00,6.484329216310973365e+00,-6.471227241282719866e-01,1.521386526483095303e-01,-1.470984467854292987e-01,4.686134735169039667e-01,-5.190145321457076966e-01
1.920000000000000284e+01,5.167720459820963619e+00,-1.750863968575282925e+00,6.530795401790371990e+00,-6.993411142471849251e-01,1.529317866373254287e-01,-1.464684553959477997e-01,4.606821336267449274e-01,-5.253144460405226868e-01
1.930000000000000071e+01,5.183053981718848569e+00,-1.765480295178457837e+00,6.576460182811520561e+00,-7.521777482154318184e-01,1.537413003904755660e-01,-1.458620576111603340e-01,4.525869960952435544e-01,-5.313784238883973998e-01
1.940000000000000213e+01,5.198469233250007093e+00,-1.780037185427930879e+00,6.621307667499937821e+00,-8.056087457207045111e-01,1.545662138864835611e-01,-1.452798179319720606e-01,4.443378611351637142e-01,-5.372008206802800778e-01
1.950000000000000000e+01,5.213967704390132241e+00,-1.794537081107703047e+00,6.665322956098677309e+00,-8.596096889229770666e-01,1.554055235436326010e-01,-1.447222466936723129e-01,4.359447645636732593e-01,-5.427765330632775553e-01
1.960000000000000142e+01,5.229550783737691333e+00,-1.808982472277852249e+00,6.708492162623091559e+00,-9.141556772214878279e-01,1.562582060406891016e-01,-1.441897989180409290e-01,4.274179395931081982e-01,-5.481010108195915054e-01
1.970000000000000284e+01,5.245219756733198402e+00,-1.823375891699137830e+00,6.750802432668028707e+00,-9.692213830086353621e-01,1.571232221862524092e-01,-1.436828734876953173e-01,4.187677781374751773e-01,-5.531702651230474554e-01
1.980000000000000071e+01,5.260975804266403877e+00,-1.837719909191401824e+00,6.792241957335968472e+00,-1.024781108085992987e+00,1.579995208051241107e-01,-1.432018126427192506e-01,4.100047919487582737e-01,-5.579808735728082336e-01
1.990000000000000213e+01,5.276820001671854499e+00,-1.852017125957345245e+00,6.832799983281465650e+00,-1.080808840426561446e+00,1.588860426106727119e-01,-1.427469017961352227e-01,4.011395738932719834e-01,-5.625299820386483463e-01
2.000000000000000000e+01,5.292753318109679306e+00,-1.866270168903595650e+00,6.872466818903209429e+00,-1.137278310964054295e+00,1.597817240334027111e-01,-1.423183696615770710e-01,3.921827596659719917e-01,-5.668153033842298072e-01
